-- phpMyAdmin SQL Dump
-- version 5.2.1
-- https://www.phpmyadmin.net/
--
-- Host: 127.0.0.1
-- Generation Time: Oct 28, 2024 at 01:38 PM
-- Server version: 10.4.32-MariaDB
-- PHP Version: 8.2.12

SET SQL_MODE = "NO_AUTO_VALUE_ON_ZERO";
START TRANSACTION;
SET time_zone = "+00:00";


/*!40101 SET @OLD_CHARACTER_SET_CLIENT=@@CHARACTER_SET_CLIENT */;
/*!40101 SET @OLD_CHARACTER_SET_RESULTS=@@CHARACTER_SET_RESULTS */;
/*!40101 SET @OLD_COLLATION_CONNECTION=@@COLLATION_CONNECTION */;
/*!40101 SET NAMES utf8mb4 */;

--
-- Database: `skfm`
--

-- --------------------------------------------------------

--
-- Table structure for table `asam_urat`
--

CREATE TABLE `asam_urat` (
  `id` bigint(20) UNSIGNED NOT NULL,
  `periode_id` bigint(20) UNSIGNED NOT NULL,
  `tanggal` date NOT NULL,
  `pegawai_id` bigint(20) UNSIGNED NOT NULL,
  `hasil` double NOT NULL,
  `status` enum('Rendah','Normal','Tinggi') NOT NULL,
  `rekomendasi_id` bigint(20) UNSIGNED DEFAULT NULL,
  `created_at` timestamp NULL DEFAULT NULL,
  `updated_at` timestamp NULL DEFAULT NULL
) ENGINE=InnoDB DEFAULT CHARSET=utf8mb4 COLLATE=utf8mb4_unicode_ci;

--
-- Dumping data for table `asam_urat`
--

INSERT INTO `asam_urat` (`id`, `periode_id`, `tanggal`, `pegawai_id`, `hasil`, `status`, `rekomendasi_id`, `created_at`, `updated_at`) VALUES
(1, 1, '2023-02-01', 2, 3.2, 'Normal', 2, '2024-09-23 12:10:41', '2024-09-23 13:48:26'),
(2, 2, '2024-02-01', 2, 3.5, 'Normal', 2, '2024-09-23 13:47:46', '2024-09-23 13:47:46'),
(3, 1, '2023-04-01', 3, 4.4, 'Normal', 2, '2024-09-25 09:18:08', '2024-09-25 10:57:26'),
(4, 1, '2023-04-01', 5, 6.1, 'Normal', 2, '2024-09-25 11:39:48', '2024-09-25 11:39:48'),
(5, 2, '2024-04-23', 5, 4.2, 'Normal', 2, '2024-09-25 11:40:33', '2024-09-25 11:42:31'),
(6, 1, '2023-09-01', 7, 3.6, 'Normal', 2, '2024-09-30 09:04:03', '2024-09-30 09:04:03'),
(7, 2, '2024-04-23', 7, 5.1, 'Normal', 2, '2024-09-30 09:04:48', '2024-09-30 09:04:48'),
(8, 1, '2023-09-01', 4, 6.6, 'Normal', 2, '2024-10-10 07:48:30', '2024-10-10 07:48:30'),
(9, 1, '2023-09-01', 6, 5, 'Normal', 2, '2024-10-10 07:52:52', '2024-10-10 07:52:52'),
(10, 1, '2023-09-01', 8, 6.2, 'Normal', 2, '2024-10-14 04:31:57', '2024-10-14 04:31:57'),
(11, 2, '2024-04-23', 8, 4.7, 'Normal', 2, '2024-10-14 04:32:21', '2024-10-14 04:32:21'),
(12, 1, '2023-09-01', 9, 3.3, 'Rendah', 1, '2024-10-14 06:19:49', '2024-10-14 06:19:49'),
(13, 2, '2024-04-23', 9, 3, 'Rendah', 1, '2024-10-14 06:20:39', '2024-10-14 06:20:39'),
(14, 1, '2023-09-01', 10, 7.4, 'Tinggi', 3, '2024-10-14 06:29:33', '2024-10-14 06:29:33'),
(15, 2, '2024-04-23', 10, 4.4, 'Normal', 2, '2024-10-14 06:30:24', '2024-10-14 06:30:24'),
(16, 1, '2023-09-01', 11, 4.6, 'Normal', 2, '2024-10-14 06:41:00', '2024-10-14 06:42:48'),
(17, 1, '2023-09-01', 12, 5.8, 'Normal', 2, '2024-10-14 06:53:50', '2024-10-14 06:53:50'),
(18, 2, '2024-04-23', 12, 5.1, 'Normal', 2, '2024-10-14 06:54:14', '2024-10-14 06:54:14'),
(19, 1, '2023-09-01', 13, 5.4, 'Normal', 2, '2024-10-15 01:02:52', '2024-10-15 01:02:52'),
(20, 2, '2024-04-23', 13, 4, 'Normal', 2, '2024-10-15 01:04:48', '2024-10-15 01:04:48'),
(21, 1, '2023-09-01', 14, 6.3, 'Normal', 2, '2024-10-15 02:21:39', '2024-10-15 02:21:39'),
(22, 2, '2024-04-23', 14, 4.9, 'Normal', 2, '2024-10-15 02:21:58', '2024-10-15 02:21:58'),
(23, 1, '2023-09-01', 15, 4.5, 'Normal', 2, '2024-10-15 02:43:08', '2024-10-15 02:43:08'),
(24, 2, '2024-04-23', 15, 5, 'Normal', 2, '2024-10-15 02:43:27', '2024-10-15 02:43:27'),
(25, 1, '2023-09-01', 16, 7.7, 'Tinggi', 3, '2024-10-15 02:48:05', '2024-10-15 02:48:05'),
(26, 2, '2024-04-23', 16, 4.8, 'Normal', 2, '2024-10-15 02:51:30', '2024-10-15 02:51:30'),
(27, 1, '2023-09-01', 17, 3.5, 'Normal', 2, '2024-10-15 03:05:46', '2024-10-15 03:05:46'),
(28, 2, '2024-04-23', 17, 3.2, 'Rendah', 1, '2024-10-15 03:06:26', '2024-10-15 03:06:26'),
(29, 1, '2023-09-01', 18, 4.1, 'Normal', 2, '2024-10-15 03:18:06', '2024-10-15 03:18:06'),
(30, 2, '2024-04-23', 18, 4.2, 'Normal', 2, '2024-10-15 03:18:23', '2024-10-15 03:18:23'),
(31, 1, '2023-09-01', 19, 5.9, 'Normal', 2, '2024-10-15 03:27:19', '2024-10-15 03:27:19'),
(32, 2, '2024-04-23', 19, 4.5, 'Normal', 2, '2024-10-15 03:27:38', '2024-10-15 03:27:38'),
(34, 1, '2023-09-01', 20, 4.9, 'Normal', 2, '2024-10-15 06:02:41', '2024-10-15 06:02:41'),
(35, 2, '2024-04-23', 20, 5.7, 'Normal', 2, '2024-10-15 06:03:02', '2024-10-15 06:03:02'),
(36, 2, '2024-04-23', 21, 5.2, 'Normal', 2, '2024-10-15 12:50:43', '2024-10-15 12:50:43'),
(37, 1, '2023-09-01', 22, 8.9, 'Tinggi', 3, '2024-10-15 12:59:40', '2024-10-15 12:59:40'),
(38, 2, '2024-04-23', 22, 8.9, 'Tinggi', 3, '2024-10-15 13:00:10', '2024-10-15 13:00:10'),
(39, 2, '2024-04-23', 23, 8.6, 'Tinggi', 3, '2024-10-15 13:13:20', '2024-10-15 13:13:20'),
(40, 1, '2023-09-01', 24, 7, 'Normal', 2, '2024-10-15 14:35:45', '2024-10-15 14:35:45'),
(41, 2, '2024-04-23', 24, 8.8, 'Tinggi', 3, '2024-10-15 14:36:12', '2024-10-15 14:36:12'),
(42, 1, '2023-09-01', 25, 6.5, 'Tinggi', 3, '2024-10-15 14:55:44', '2024-10-15 14:55:44'),
(43, 2, '2024-04-23', 25, 4.3, 'Normal', 2, '2024-10-15 14:56:21', '2024-10-15 14:56:21'),
(44, 1, '2023-09-01', 26, 6.1, 'Normal', 2, '2024-10-15 15:02:23', '2024-10-15 15:02:23'),
(45, 2, '2024-04-23', 26, 4.6, 'Normal', 2, '2024-10-15 15:02:42', '2024-10-15 15:02:42'),
(46, 1, '2023-09-01', 27, 4.5, 'Normal', 2, '2024-10-15 15:07:05', '2024-10-15 15:07:05'),
(47, 2, '2024-04-23', 27, 5.6, 'Normal', 2, '2024-10-15 15:07:22', '2024-10-15 15:07:22'),
(48, 1, '2023-09-01', 28, 9.6, 'Tinggi', 3, '2024-10-15 15:12:22', '2024-10-15 15:12:22'),
(49, 2, '2024-04-23', 28, 5.6, 'Normal', 2, '2024-10-15 15:12:39', '2024-10-15 15:12:39'),
(50, 1, '2023-09-01', 29, 9.6, 'Tinggi', 3, '2024-10-15 15:18:00', '2024-10-15 15:18:00'),
(51, 2, '2024-04-23', 29, 2.3, 'Rendah', 1, '2024-10-15 15:19:32', '2024-10-15 15:20:53'),
(52, 1, '2023-09-01', 30, 3.8, 'Normal', 2, '2024-10-15 15:33:22', '2024-10-15 15:33:22'),
(53, 2, '2024-04-23', 30, 2.3, 'Rendah', 1, '2024-10-15 15:33:47', '2024-10-15 15:35:09'),
(54, 1, '2023-09-01', 31, 4.7, 'Normal', 2, '2024-10-15 15:39:09', '2024-10-15 15:39:09'),
(55, 2, '2024-04-23', 32, 5.4, 'Normal', 2, '2024-10-16 04:17:56', '2024-10-16 04:17:56'),
(56, 1, '2023-09-01', 33, 5.2, 'Normal', 2, '2024-10-16 05:14:13', '2024-10-16 05:14:13'),
(57, 2, '2024-04-23', 33, 6.6, 'Normal', 2, '2024-10-16 05:14:34', '2024-10-16 05:14:34'),
(58, 1, '2023-09-01', 34, 4.3, 'Normal', 2, '2024-10-16 05:44:08', '2024-10-16 05:44:08'),
(59, 2, '2024-04-23', 34, 5.8, 'Normal', 2, '2024-10-16 05:44:33', '2024-10-16 05:44:33'),
(60, 1, '2023-09-01', 35, 5.1, 'Normal', 2, '2024-10-16 05:49:32', '2024-10-16 05:49:32'),
(61, 1, '2023-09-01', 36, 6.6, 'Normal', 2, '2024-10-16 10:05:37', '2024-10-16 10:05:37'),
(62, 2, '2024-04-23', 36, 8.6, 'Tinggi', 3, '2024-10-16 10:05:58', '2024-10-16 10:05:58'),
(63, 1, '2023-09-01', 37, 11.4, 'Tinggi', 3, '2024-10-16 10:50:12', '2024-10-16 10:50:12'),
(64, 1, '2023-09-01', 38, 5.4, 'Normal', 2, '2024-10-16 10:52:04', '2024-10-16 10:52:04'),
(65, 2, '2024-04-23', 38, 5.9, 'Normal', 2, '2024-10-16 10:52:37', '2024-10-16 10:52:37'),
(66, 1, '2023-09-01', 39, 7.7, 'Tinggi', 3, '2024-10-17 13:14:14', '2024-10-17 13:14:14'),
(67, 2, '2024-04-23', 39, 7.8, 'Tinggi', 3, '2024-10-17 13:14:47', '2024-10-17 13:14:47'),
(68, 1, '2023-09-01', 40, 5.6, 'Normal', 2, '2024-10-18 04:11:25', '2024-10-18 04:11:25'),
(69, 2, '2024-04-23', 40, 4.2, 'Normal', 2, '2024-10-18 04:11:44', '2024-10-18 04:11:44'),
(70, 1, '2023-09-01', 41, 9.8, 'Tinggi', 3, '2024-10-18 04:16:42', '2024-10-18 04:16:42'),
(71, 2, '2024-04-23', 41, 3.9, 'Normal', 2, '2024-10-18 04:17:07', '2024-10-18 04:17:07'),
(72, 1, '2023-09-01', 42, 4.9, 'Normal', 2, '2024-10-18 07:55:02', '2024-10-18 07:57:14'),
(73, 2, '2024-04-23', 42, 5.4, 'Normal', 2, '2024-10-18 07:55:35', '2024-10-18 07:55:35'),
(74, 1, '2024-09-01', 43, 5.1, 'Normal', 2, '2024-10-21 02:49:35', '2024-10-21 02:49:35'),
(75, 2, '2024-04-23', 43, 4.7, 'Normal', 2, '2024-10-21 02:49:59', '2024-10-21 02:49:59'),
(76, 1, '2023-09-01', 44, 4.9, 'Normal', 2, '2024-10-21 03:05:35', '2024-10-21 03:05:35'),
(77, 2, '2024-04-23', 44, 4.4, 'Normal', 2, '2024-10-21 03:05:58', '2024-10-21 03:05:58'),
(78, 1, '2023-09-01', 45, 5, 'Normal', 2, '2024-10-21 03:31:18', '2024-10-21 03:31:18'),
(79, 2, '2024-04-23', 45, 3.7, 'Normal', 2, '2024-10-21 03:31:33', '2024-10-21 03:31:33'),
(80, 1, '2023-09-01', 46, 18.5, 'Tinggi', 3, '2024-10-21 03:39:32', '2024-10-21 03:41:04'),
(81, 2, '2024-04-23', 46, 4.1, 'Normal', 2, '2024-10-21 03:40:37', '2024-10-21 03:40:37'),
(82, 1, '2023-09-01', 47, 5.3, 'Normal', 2, '2024-10-21 03:59:15', '2024-10-21 03:59:15'),
(83, 2, '2024-04-23', 47, 5.7, 'Normal', 2, '2024-10-21 03:59:33', '2024-10-21 03:59:33'),
(84, 1, '2023-09-01', 48, 6.2, 'Normal', 2, '2024-10-21 04:10:59', '2024-10-21 04:10:59'),
(85, 2, '2024-04-23', 48, 11.4, 'Tinggi', 3, '2024-10-21 04:11:16', '2024-10-21 04:11:16'),
(86, 2, '2024-04-23', 49, 6.4, 'Normal', 2, '2024-10-21 04:19:17', '2024-10-21 04:19:17'),
(87, 2, '2024-04-23', 50, 4.7, 'Normal', 2, '2024-10-21 04:26:15', '2024-10-21 04:26:15'),
(88, 1, '2023-09-01', 51, 7.2, 'Tinggi', 3, '2024-10-21 04:31:43', '2024-10-21 04:31:43'),
(89, 2, '2024-04-23', 51, 5.2, 'Normal', 2, '2024-10-21 04:31:59', '2024-10-21 04:31:59'),
(90, 1, '2023-09-01', 52, 7.2, 'Tinggi', 3, '2024-10-21 06:51:01', '2024-10-21 06:51:01'),
(91, 2, '2024-04-23', 52, 3.2, 'Rendah', 1, '2024-10-21 06:51:15', '2024-10-21 06:51:15'),
(92, 2, '2024-04-23', 53, 6.1, 'Normal', 2, '2024-10-21 07:02:10', '2024-10-21 07:02:10'),
(93, 1, '2023-09-01', 54, 4.6, 'Normal', 2, '2024-10-21 07:11:51', '2024-10-21 07:11:51'),
(94, 2, '2024-04-23', 54, 4, 'Normal', 2, '2024-10-21 07:12:12', '2024-10-21 07:12:12'),
(95, 1, '2023-09-01', 55, 5.5, 'Normal', 2, '2024-10-21 07:37:54', '2024-10-21 07:37:54'),
(96, 2, '2024-04-23', 55, 5.2, 'Normal', 2, '2024-10-21 07:38:10', '2024-10-21 07:38:10'),
(97, 2, '2024-04-23', 56, 3, 'Rendah', 1, '2024-10-21 07:44:45', '2024-10-21 07:44:55'),
(98, 1, '2023-09-01', 57, 4.7, 'Normal', 2, '2024-10-21 07:51:47', '2024-10-21 07:51:47'),
(99, 2, '2024-04-23', 57, 4.4, 'Normal', 2, '2024-10-21 07:52:12', '2024-10-21 07:52:12'),
(100, 1, '2023-09-01', 58, 5.1, 'Normal', 2, '2024-10-21 07:57:55', '2024-10-21 07:57:55'),
(102, 1, '2023-10-01', 59, 6.1, 'Normal', 2, '2024-10-21 08:23:04', '2024-10-21 08:23:04'),
(103, 1, '2023-09-01', 60, 4.5, 'Normal', 2, '2024-10-21 08:29:57', '2024-10-21 08:29:57'),
(104, 2, '2024-04-23', 60, 3, 'Rendah', 1, '2024-10-21 08:30:14', '2024-10-21 08:30:14'),
(105, 1, '2023-09-01', 61, 2, 'Rendah', 1, '2024-10-21 08:39:24', '2024-10-21 08:39:48'),
(106, 2, '2024-04-23', 62, 6.5, 'Tinggi', 3, '2024-10-21 08:45:00', '2024-10-21 08:45:00'),
(107, 1, '2023-09-01', 63, 7.5, 'Tinggi', 3, '2024-10-21 08:49:55', '2024-10-21 08:49:55'),
(108, 2, '2024-04-23', 63, 4, 'Normal', 2, '2024-10-21 08:50:07', '2024-10-21 08:50:07'),
(109, 1, '2023-09-01', 64, 5.3, 'Normal', 2, '2024-10-21 09:00:38', '2024-10-21 09:00:38'),
(110, 2, '2024-04-23', 64, 6.2, 'Normal', 2, '2024-10-21 09:00:53', '2024-10-21 09:00:53'),
(111, 1, '2023-09-01', 65, 4.8, 'Normal', 2, '2024-10-21 09:11:25', '2024-10-21 09:11:25'),
(112, 2, '2024-04-23', 65, 4.5, 'Normal', 2, '2024-10-21 09:11:48', '2024-10-21 09:11:48'),
(113, 1, '2023-09-01', 66, 6.7, 'Tinggi', 3, '2024-10-25 10:56:38', '2024-10-25 10:56:38'),
(114, 2, '2024-04-23', 66, 5.5, 'Normal', 2, '2024-10-25 10:57:09', '2024-10-25 10:57:09'),
(115, 1, '2023-09-01', 67, 4.8, 'Normal', 2, '2024-10-25 11:30:34', '2024-10-25 11:30:34'),
(116, 2, '2024-04-23', 67, 6.5, 'Tinggi', 3, '2024-10-25 11:30:55', '2024-10-25 11:30:55'),
(117, 2, '2024-04-23', 68, 2.7, 'Rendah', 1, '2024-10-25 11:44:00', '2024-10-25 11:44:12'),
(118, 1, '2023-09-01', 69, 4.8, 'Normal', 2, '2024-10-25 11:52:22', '2024-10-25 11:52:22'),
(119, 2, '2024-04-23', 69, 3.7, 'Normal', 2, '2024-10-25 11:52:42', '2024-10-25 11:52:42'),
(120, 2, '2024-04-23', 70, 4.9, 'Normal', 2, '2024-10-25 12:00:14', '2024-10-25 12:00:14'),
(121, 2, '2024-04-23', 71, 4.3, 'Normal', 2, '2024-10-25 12:05:37', '2024-10-25 12:05:37'),
(122, 1, '2023-09-01', 72, 7.4, 'Tinggi', 3, '2024-10-28 01:37:53', '2024-10-28 01:37:53'),
(123, 2, '2024-09-01', 72, 5.7, 'Normal', 2, '2024-10-28 01:38:26', '2024-10-28 01:38:26'),
(124, 1, '2023-09-01', 73, 6.2, 'Normal', 2, '2024-10-28 01:46:12', '2024-10-28 01:47:01'),
(125, 2, '2024-04-23', 73, 5.9, 'Normal', 2, '2024-10-28 01:46:34', '2024-10-28 01:46:34'),
(126, 1, '2023-09-01', 74, 7.7, 'Tinggi', 3, '2024-10-28 09:09:49', '2024-10-28 09:09:49'),
(127, 1, '2023-09-01', 75, 3.4, 'Normal', 2, '2024-10-28 10:42:13', '2024-10-28 10:42:13'),
(128, 1, '2023-09-01', 76, 4.4, 'Normal', 2, '2024-10-28 10:48:44', '2024-10-28 10:48:44'),
(129, 2, '2024-04-23', 77, 3.9, 'Normal', 2, '2024-10-28 11:43:59', '2024-10-28 11:43:59'),
(130, 2, '2024-04-23', 78, 5.4, 'Normal', 2, '2024-10-28 11:52:07', '2024-10-28 11:52:07');

-- --------------------------------------------------------

--
-- Table structure for table `divisi`
--

CREATE TABLE `divisi` (
  `id` bigint(20) UNSIGNED NOT NULL,
  `nama` varchar(255) NOT NULL,
  `created_at` timestamp NULL DEFAULT NULL,
  `updated_at` timestamp NULL DEFAULT NULL
) ENGINE=InnoDB DEFAULT CHARSET=utf8mb4 COLLATE=utf8mb4_unicode_ci;

--
-- Dumping data for table `divisi`
--

INSERT INTO `divisi` (`id`, `nama`, `created_at`, `updated_at`) VALUES
(1, 'Ketua STT-NF', '2024-09-18 09:57:01', '2024-09-18 09:57:01'),
(2, 'Waket I', '2024-09-18 09:57:01', '2024-09-18 09:57:01'),
(3, 'Waket II', '2024-09-18 09:57:01', '2024-09-18 09:57:01'),
(4, 'Waket III', '2024-09-18 09:57:01', '2024-09-18 09:57:01'),
(5, 'BAAK', '2024-09-18 09:57:01', '2024-09-18 09:57:01'),
(6, 'BKHI', '2024-09-18 09:57:01', '2024-09-18 09:57:01'),
(7, 'LKHI', '2024-09-18 09:57:01', '2024-09-18 09:57:01'),
(8, 'LKKI', '2024-09-18 09:57:01', '2024-09-18 09:57:01'),
(9, 'LPPM', '2024-09-18 09:57:01', '2024-09-18 09:57:01'),
(10, 'LPMI', '2024-09-18 09:57:01', '2024-09-18 09:57:01'),
(11, 'LTSI', '2024-09-18 09:57:01', '2024-09-18 09:57:01'),
(12, 'Marketing NFA', '2024-09-18 09:57:01', '2024-09-18 09:57:01'),
(13, 'Operasional NFA', '2024-09-18 09:57:01', '2024-09-18 09:57:01'),
(14, 'Risbang NFA', '2024-09-18 09:57:01', '2024-09-18 09:57:01'),
(15, 'UPT Lab', '2024-10-15 02:18:06', '2024-10-15 02:18:06');

-- --------------------------------------------------------

--
-- Table structure for table `failed_jobs`
--

CREATE TABLE `failed_jobs` (
  `id` bigint(20) UNSIGNED NOT NULL,
  `uuid` varchar(255) NOT NULL,
  `connection` text NOT NULL,
  `queue` text NOT NULL,
  `payload` longtext NOT NULL,
  `exception` longtext NOT NULL,
  `failed_at` timestamp NOT NULL DEFAULT current_timestamp()
) ENGINE=InnoDB DEFAULT CHARSET=utf8mb4 COLLATE=utf8mb4_unicode_ci;

-- --------------------------------------------------------

--
-- Table structure for table `fisik`
--

CREATE TABLE `fisik` (
  `id` bigint(20) UNSIGNED NOT NULL,
  `periode_id` bigint(20) UNSIGNED NOT NULL,
  `tanggal` date NOT NULL,
  `pegawai_id` bigint(20) UNSIGNED NOT NULL,
  `berat_badan` double NOT NULL,
  `tinggi_badan` double NOT NULL,
  `imt` double DEFAULT NULL,
  `kondisi_fisik` varchar(255) DEFAULT NULL,
  `created_at` timestamp NULL DEFAULT NULL,
  `updated_at` timestamp NULL DEFAULT NULL
) ENGINE=InnoDB DEFAULT CHARSET=utf8mb4 COLLATE=utf8mb4_unicode_ci;

--
-- Dumping data for table `fisik`
--

INSERT INTO `fisik` (`id`, `periode_id`, `tanggal`, `pegawai_id`, `berat_badan`, `tinggi_badan`, `imt`, `kondisi_fisik`, `created_at`, `updated_at`) VALUES
(1, 2, '2023-02-01', 2, 85, 175, 27.755102040816, 'OverWeight', '2024-09-23 14:08:47', '2024-10-21 09:34:21'),
(3, 2, '2024-04-23', 3, 73.3, 174, 24.2105958515, 'Normal', '2024-09-24 04:27:09', '2024-10-21 09:52:03'),
(4, 2, '2024-04-23', 4, 60.4, 168, 21.40022675737, 'Normal', '2024-09-24 04:44:15', '2024-09-24 04:48:40'),
(5, 2, '2024-04-13', 6, 70.2, 172, 23.729042725798, 'Normal', '2024-09-25 03:53:09', '2024-10-21 09:51:25'),
(6, 2, '2024-04-13', 5, 90.6, 171, 30.983892479737, 'Obesitas 1', '2024-09-25 04:13:26', '2024-10-21 09:33:58'),
(7, 2, '2024-04-23', 7, 53, 155, 22.060353798127, 'Normal', '2024-09-30 09:02:38', '2024-10-21 09:51:10'),
(8, 2, '2024-04-23', 8, 63.8, 165, 23.434343434343, 'Normal', '2024-10-14 04:26:33', '2024-10-21 09:50:59'),
(9, 2, '2024-04-23', 9, 54, 185, 15.777940102264, 'Kurus', '2024-10-14 06:19:08', '2024-10-14 06:19:08'),
(10, 2, '2024-04-23', 10, 53.4, 166, 19.378719698069, 'Normal', '2024-10-14 06:28:22', '2024-10-14 06:28:22'),
(11, 2, '2024-04-23', 11, 64.7, 165, 23.76492194674, 'Normal', '2024-10-14 06:47:08', '2024-10-21 09:50:16'),
(12, 2, '2024-04-23', 12, 119.3, 182, 36.016181620577, 'Obesitas 2', '2024-10-14 06:48:29', '2024-10-14 06:48:29'),
(13, 2, '2024-04-23', 13, 67, 168, 23.738662131519, 'Normal', '2024-10-15 01:01:40', '2024-10-21 09:33:01'),
(14, 2, '2024-04-23', 14, 69.9, 160, 27.3046875, 'OverWeight', '2024-10-15 02:21:10', '2024-10-21 09:49:51'),
(15, 2, '2024-04-23', 15, 79.6, 173, 26.596277857596, 'OverWeight', '2024-10-15 02:42:22', '2024-10-21 09:49:42'),
(16, 2, '2024-04-23', 16, 51.3, 159, 20.291918832325, 'Normal', '2024-10-15 02:47:29', '2024-10-15 02:47:29'),
(17, 2, '2024-04-23', 17, 65.1, 171, 22.263260490407, 'Normal', '2024-10-15 03:05:22', '2024-10-21 09:49:18'),
(18, 2, '2024-04-23', 18, 53.3, 164, 19.817073170732, 'Normal', '2024-10-15 03:17:39', '2024-10-15 03:17:39'),
(19, 2, '2024-04-23', 19, 47.4, 168, 16.794217687075, 'Kurus', '2024-10-15 03:26:39', '2024-10-15 03:26:39'),
(20, 2, '2023-09-01', 20, 75.2, 169, 26.329610307762, 'OverWeight', '2024-10-15 06:02:13', '2024-10-21 09:48:49'),
(21, 2, '2024-04-23', 21, 55.6, 165, 20.422405876951, 'Normal', '2024-10-15 12:48:21', '2024-10-15 12:48:21'),
(22, 2, '2024-04-22', 22, 77.3, 166, 28.05196690376, 'OverWeight', '2024-10-15 12:55:20', '2024-10-21 09:48:19'),
(23, 2, '2024-04-23', 23, 44.5, 150, 19.777777777778, 'Normal', '2024-10-15 13:12:41', '2024-10-15 13:12:41'),
(24, 2, '2024-04-23', 24, 72.11, 169, 25.247715416127, 'OverWeight', '2024-10-15 14:34:19', '2024-10-21 09:47:55'),
(25, 2, '2024-04-23', 25, 40.7, 152, 17.615997229917, 'Kurus', '2024-10-15 14:55:16', '2024-10-15 14:55:16'),
(26, 2, '2024-04-23', 26, 95, 180, 29.320987654321, 'OverWeight', '2024-10-15 15:01:55', '2024-10-21 09:47:19'),
(27, 2, '2024-04-23', 27, 93.3, 168, 33.056972789116, 'Obesitas 1', '2024-10-15 15:06:20', '2024-10-21 09:47:05'),
(28, 2, '2024-04-23', 28, 70, 169, 24.508945765204, 'Normal', '2024-10-15 15:11:53', '2024-10-21 09:46:56'),
(29, 2, '2024-04-23', 29, 68.4, 160, 26.71875, 'OverWeight', '2024-10-15 15:17:30', '2024-10-21 09:46:46'),
(30, 2, '2024-04-23', 30, 38.2, 149, 17.206432142696, 'Kurus', '2024-10-15 15:32:43', '2024-10-15 15:32:43'),
(31, 2, '2024-04-23', 32, 78.7, 170, 27.231833910035, 'OverWeight', '2024-10-16 04:17:29', '2024-10-21 09:46:09'),
(32, 2, '2024-04-23', 31, 65, 160, 25.390625, 'OverWeight', '2024-10-16 04:31:18', '2024-10-21 09:46:19'),
(33, 2, '2024-04-23', 33, 68.9, 154, 29.052116714454, 'OverWeight', '2024-10-16 04:47:09', '2024-10-21 09:45:55'),
(34, 2, '2024-04-23', 34, 66.5, 165, 24.426078971534, 'Normal', '2024-10-16 05:43:32', '2024-10-21 09:45:44'),
(35, 2, '2024-04-23', 36, 79, 171, 27.016859888513, 'OverWeight', '2024-10-16 10:02:30', '2024-10-21 09:45:23'),
(36, 2, '2024-04-23', 37, 80, 165, 29.384756657484, 'OverWeight', '2024-10-16 10:40:45', '2024-10-21 09:45:13'),
(37, 2, '2024-04-23', 38, 63.5, 169, 22.233115087007, 'Normal', '2024-10-16 10:44:10', '2024-10-21 09:44:43'),
(38, 2, '2024-04-23', 39, 89.2, 168, 31.604308390023, 'Obesitas 1', '2024-10-17 13:13:32', '2024-10-21 09:44:32'),
(39, 2, '2024-04-23', 40, 62.9, 155, 26.181061394381, 'OverWeight', '2024-10-18 04:10:41', '2024-10-21 09:44:05'),
(40, 2, '2024-04-23', 41, 42.8, 160, 16.71875, 'Kurus', '2024-10-18 04:16:02', '2024-10-18 04:16:02'),
(41, 2, '2024-04-23', 42, 59.5, 169, 20.832603900424, 'Normal', '2024-10-18 04:20:51', '2024-10-18 04:20:51'),
(42, 2, '2024-04-23', 43, 77.3, 168, 27.388038548753, 'OverWeight', '2024-10-21 02:48:46', '2024-10-21 09:43:33'),
(43, 2, '2024-04-23', 44, 67.4, 170, 23.321799307958, 'Normal', '2024-10-21 03:04:59', '2024-10-21 09:43:22'),
(44, 2, '2024-04-23', 45, 72.5, 156, 29.791255752794, 'OverWeight', '2024-10-21 03:30:45', '2024-10-21 09:43:12'),
(45, 2, '2024-04-23', 46, 44.6, 160, 17.421875, 'Kurus', '2024-10-21 03:38:58', '2024-10-21 03:38:58'),
(46, 2, '2024-04-23', 47, 66.3, 165, 24.35261707989, 'Normal', '2024-10-21 03:47:45', '2024-10-21 09:42:23'),
(47, 2, '2024-04-23', 48, 86, 168, 30.47052154195, 'Obesitas 1', '2024-10-21 04:10:37', '2024-10-21 09:42:11'),
(48, 2, '2024-04-23', 49, 75.1, 165, 27.584940312213, 'OverWeight', '2024-10-21 04:18:35', '2024-10-21 09:41:58'),
(49, 2, '2024-04-23', 50, 67.6, 165, 24.830119375574, 'Normal', '2024-10-21 04:25:41', '2024-10-21 09:41:38'),
(50, 2, '2024-04-23', 51, 83.8, 168, 29.6910430839, 'OverWeight', '2024-10-21 04:31:24', '2024-10-21 09:41:28'),
(51, 2, '2024-04-23', 52, 57.1, 160, 22.3046875, 'Normal', '2024-10-21 06:50:40', '2024-10-21 09:41:07'),
(52, 2, '2024-04-23', 53, 47.3, 161, 18.247752787315, 'Kurus', '2024-10-21 07:01:39', '2024-10-21 09:40:52'),
(53, 2, '2024-04-23', 54, 84.2, 169, 29.480760477574, 'OverWeight', '2024-10-21 07:11:31', '2024-10-21 09:38:42'),
(54, 2, '2024-04-23', 55, 75.6, 170, 26.159169550173, 'OverWeight', '2024-10-21 07:37:31', '2024-10-21 09:38:25'),
(55, 2, '2024-04-23', 56, 84.3, 177, 26.907976635067, 'OverWeight', '2024-10-21 07:43:57', '2024-10-21 09:38:03'),
(56, 2, '2024-04-23', 57, 67.9, 165, 24.940312213039, 'Normal', '2024-10-21 07:51:23', '2024-10-21 09:37:50'),
(57, 2, '2024-04-23', 60, 66.4, 183, 19.827406013915, 'Normal', '2024-10-21 08:29:15', '2024-10-21 08:29:15'),
(58, 2, '2024-04-23', 61, 75.5, 161, 29.12696269434, 'OverWeight', '2024-10-21 08:38:50', '2024-10-21 09:36:57'),
(59, 2, '2024-04-23', 62, 55, 157, 22.313278429145, 'Normal', '2024-10-21 08:44:40', '2024-10-21 09:36:48'),
(60, 2, '2024-04-23', 63, 47.1, 153, 20.120466487248, 'Normal', '2024-10-21 08:49:34', '2024-10-21 08:49:34'),
(61, 2, '2024-04-23', 64, 67, 167, 24.023808670085, 'Normal', '2024-10-21 09:00:13', '2024-10-21 09:36:23'),
(62, 2, '2024-04-23', 65, 110.7, 168, 39.22193877551, 'Obesitas 2', '2024-10-21 09:11:07', '2024-10-21 09:11:07'),
(63, 2, '2024-04-23', 35, 55, 173, 18.376825152862, 'Kurus', '2024-10-23 04:31:45', '2024-10-23 04:31:45'),
(64, 2, '2024-04-23', 66, 58.2, 165, 21.37741046832, 'Normal', '2024-10-25 10:56:08', '2024-10-25 10:56:08'),
(65, 2, '2024-04-23', 58, 67, 168, 23.738662131519, 'Normal', '2024-10-25 11:20:02', '2024-10-25 11:20:02'),
(66, 2, '2024-04-23', 67, 65.7, 150, 29.2, 'OverWeight', '2024-10-25 11:29:37', '2024-10-25 11:29:37'),
(67, 2, '2024-04-23', 68, 50, 158, 20.028841531806, 'Normal', '2024-10-25 11:43:28', '2024-10-25 11:43:28'),
(68, 2, '2024-04-23', 59, 53.2, 165, 19.540863177227, 'Normal', '2024-10-25 11:47:25', '2024-10-25 11:47:25'),
(69, 2, '2024-04-23', 69, 54.3, 164, 20.188875669244, 'Normal', '2024-10-25 11:51:59', '2024-10-25 11:51:59'),
(70, 2, '2024-04-23', 70, 72.3, 172, 24.438885884262, 'Normal', '2024-10-25 11:59:45', '2024-10-25 11:59:45'),
(71, 2, '2024-04-23', 71, 70.7, 172, 23.898053001623, 'Normal', '2024-10-25 12:05:11', '2024-10-25 12:05:11'),
(72, 2, '2024-04-23', 72, 57.3, 149, 25.809648214044, 'OverWeight', '2024-10-28 01:36:58', '2024-10-28 01:36:58'),
(73, 2, '2024-04-23', 73, 84.4, 167, 30.262827638137, 'Obesitas 1', '2024-10-28 01:45:35', '2024-10-28 01:45:35'),
(74, 2, '2024-04-23', 74, 72, 161, 27.776706145596, 'OverWeight', '2024-10-28 09:09:25', '2024-10-28 09:12:45'),
(75, 2, '2024-04-23', 75, 52, 150, 23.111111111111, 'Normal', '2024-10-28 10:41:48', '2024-10-28 10:41:48'),
(76, 2, '2024-04-23', 76, 75, 176, 24.21229338843, 'Normal', '2024-10-28 10:48:06', '2024-10-28 10:48:06'),
(77, 2, '2024-04-23', 77, 44.8, 158, 17.945842012498, 'Kurus', '2024-10-28 11:43:38', '2024-10-28 11:43:38'),
(78, 2, '2024-04-23', 78, 74.8, 171, 25.580520502035, 'OverWeight', '2024-10-28 11:51:01', '2024-10-28 11:51:01');

-- --------------------------------------------------------

--
-- Table structure for table `gula_darah`
--

CREATE TABLE `gula_darah` (
  `id` bigint(20) UNSIGNED NOT NULL,
  `periode_id` bigint(20) UNSIGNED NOT NULL,
  `tanggal` date NOT NULL,
  `pegawai_id` bigint(20) UNSIGNED NOT NULL,
  `jenis` enum('Puasa','Sewaktu','Post Prandial') NOT NULL,
  `hasil` int(11) NOT NULL,
  `status` enum('Rendah','Normal','Tinggi') NOT NULL,
  `rekomendasi_id` bigint(20) UNSIGNED DEFAULT NULL,
  `created_at` timestamp NULL DEFAULT NULL,
  `updated_at` timestamp NULL DEFAULT NULL
) ENGINE=InnoDB DEFAULT CHARSET=utf8mb4 COLLATE=utf8mb4_unicode_ci;

--
-- Dumping data for table `gula_darah`
--

INSERT INTO `gula_darah` (`id`, `periode_id`, `tanggal`, `pegawai_id`, `jenis`, `hasil`, `status`, `rekomendasi_id`, `created_at`, `updated_at`) VALUES
(1, 1, '2023-09-01', 3, 'Puasa', 91, 'Normal', 11, '2024-09-30 08:02:21', '2024-09-30 08:02:21'),
(2, 2, '2024-04-23', 3, 'Sewaktu', 106, 'Normal', 11, '2024-09-30 08:03:22', '2024-09-30 08:03:22'),
(3, 2, '2024-04-23', 2, 'Puasa', 239, 'Tinggi', 12, '2024-09-30 08:21:46', '2024-09-30 08:21:46'),
(4, 1, '2024-09-01', 4, 'Post Prandial', 56, 'Rendah', 10, '2024-10-10 07:50:32', '2024-10-10 07:50:32'),
(5, 1, '2023-09-01', 5, 'Post Prandial', 106, 'Normal', 11, '2024-10-10 07:52:05', '2024-10-10 07:52:05'),
(6, 1, '2023-09-01', 6, 'Post Prandial', 92, 'Normal', 11, '2024-10-10 07:54:19', '2024-10-10 07:54:19'),
(7, 1, '2023-09-01', 7, 'Sewaktu', 129, 'Tinggi', 12, '2024-10-10 08:16:10', '2024-10-10 08:16:10'),
(8, 1, '2023-09-01', 8, 'Post Prandial', 151, 'Tinggi', 12, '2024-10-14 04:35:47', '2024-10-14 04:35:47'),
(9, 2, '2024-04-23', 8, 'Puasa', 123, 'Tinggi', 12, '2024-10-14 04:36:13', '2024-10-14 04:36:13'),
(10, 1, '2023-09-01', 9, 'Post Prandial', 89, 'Normal', 11, '2024-10-14 06:24:23', '2024-10-14 06:24:23'),
(11, 2, '2024-04-23', 9, 'Post Prandial', 109, 'Normal', 11, '2024-10-14 06:24:51', '2024-10-14 06:24:51'),
(12, 1, '2023-09-01', 10, 'Post Prandial', 86, 'Normal', 11, '2024-10-14 06:35:34', '2024-10-14 06:35:34'),
(13, 2, '2024-04-23', 10, 'Puasa', 89, 'Normal', 11, '2024-10-14 06:35:58', '2024-10-14 06:35:58'),
(14, 1, '2023-09-01', 11, 'Post Prandial', 103, 'Normal', 11, '2024-10-14 06:44:26', '2024-10-14 06:44:26'),
(15, 1, '2023-09-01', 12, 'Sewaktu', 155, 'Tinggi', 12, '2024-10-14 06:57:26', '2024-10-14 06:57:26'),
(16, 2, '2024-04-23', 12, 'Post Prandial', 97, 'Normal', 11, '2024-10-14 06:57:59', '2024-10-14 06:57:59'),
(17, 1, '2023-09-01', 13, 'Post Prandial', 112, 'Normal', 11, '2024-10-15 01:07:50', '2024-10-15 01:07:50'),
(18, 2, '2024-04-23', 13, 'Post Prandial', 117, 'Normal', 11, '2024-10-15 01:08:25', '2024-10-15 01:08:25'),
(19, 1, '2023-09-01', 14, 'Post Prandial', 99, 'Normal', 11, '2024-10-15 02:24:52', '2024-10-15 02:24:52'),
(20, 2, '2024-04-23', 14, 'Post Prandial', 96, 'Normal', 11, '2024-10-15 02:25:22', '2024-10-15 02:25:22'),
(21, 2, '2024-04-23', 15, 'Puasa', 94, 'Normal', 11, '2024-10-15 02:46:15', '2024-10-15 02:46:15'),
(22, 1, '2023-09-01', 16, 'Post Prandial', 60, 'Rendah', 10, '2024-10-15 02:54:37', '2024-10-15 02:54:37'),
(23, 2, '2024-04-23', 16, 'Post Prandial', 110, 'Normal', 11, '2024-10-15 02:55:34', '2024-10-15 02:55:34'),
(24, 1, '2023-09-01', 17, 'Post Prandial', 96, 'Normal', 11, '2024-10-15 03:08:35', '2024-10-15 03:08:35'),
(25, 2, '2024-04-23', 17, 'Puasa', 91, 'Normal', 11, '2024-10-15 03:08:53', '2024-10-15 03:08:53'),
(26, 1, '2023-09-01', 18, 'Post Prandial', 93, 'Normal', 11, '2024-10-15 03:20:59', '2024-10-15 03:20:59'),
(27, 2, '2024-04-23', 18, 'Sewaktu', 136, 'Tinggi', 12, '2024-10-15 03:21:18', '2024-10-15 03:21:18'),
(28, 1, '2023-09-01', 19, 'Post Prandial', 103, 'Normal', 11, '2024-10-15 03:30:31', '2024-10-15 03:30:31'),
(29, 2, '2024-04-23', 19, 'Sewaktu', 108, 'Normal', 11, '2024-10-15 03:30:51', '2024-10-15 03:30:51'),
(30, 1, '2023-09-01', 20, 'Post Prandial', 139, 'Normal', 11, '2024-10-15 06:05:27', '2024-10-15 06:05:27'),
(31, 2, '2024-04-23', 20, 'Puasa', 123, 'Tinggi', 12, '2024-10-15 06:05:45', '2024-10-15 06:05:45'),
(32, 2, '2024-04-23', 5, 'Post Prandial', 94, 'Normal', 11, '2024-10-15 08:19:08', '2024-10-15 08:19:08'),
(33, 2, '2024-04-23', 21, 'Sewaktu', 80, 'Normal', 11, '2024-10-15 12:52:32', '2024-10-15 12:52:32'),
(34, 1, '2023-09-01', 22, 'Sewaktu', 132, 'Tinggi', 12, '2024-10-15 13:06:03', '2024-10-15 13:06:03'),
(35, 2, '2024-04-23', 22, 'Post Prandial', 97, 'Normal', 11, '2024-10-15 13:07:51', '2024-10-15 13:07:51'),
(36, 2, '2024-04-23', 23, 'Post Prandial', 104, 'Normal', 11, '2024-10-15 13:15:58', '2024-10-15 13:15:58'),
(37, 1, '2023-09-01', 24, 'Sewaktu', 102, 'Normal', 11, '2024-10-15 14:39:06', '2024-10-15 14:39:06'),
(38, 2, '2024-04-23', 24, 'Puasa', 91, 'Normal', 11, '2024-10-15 14:39:28', '2024-10-15 14:39:28'),
(39, 1, '2023-09-01', 25, 'Post Prandial', 94, 'Normal', 11, '2024-10-15 14:58:26', '2024-10-15 14:58:26'),
(40, 2, '2024-04-23', 25, 'Puasa', 102, 'Tinggi', 12, '2024-10-15 14:58:48', '2024-10-15 14:58:48'),
(41, 1, '2023-09-01', 26, 'Sewaktu', 123, 'Normal', 11, '2024-10-15 15:04:54', '2024-10-15 15:04:54'),
(42, 2, '2024-04-23', 26, 'Puasa', 100, 'Normal', 11, '2024-10-15 15:05:14', '2024-10-15 15:05:14'),
(43, 1, '2023-09-01', 27, 'Post Prandial', 114, 'Normal', 11, '2024-10-15 15:09:35', '2024-10-15 15:09:35'),
(44, 2, '2024-04-23', 27, 'Sewaktu', 115, 'Normal', 11, '2024-10-15 15:10:01', '2024-10-15 15:10:01'),
(45, 1, '2023-09-01', 28, 'Post Prandial', 207, 'Tinggi', 12, '2024-10-15 15:15:01', '2024-10-15 15:15:01'),
(46, 2, '2024-04-23', 28, 'Puasa', 134, 'Tinggi', 12, '2024-10-15 15:15:16', '2024-10-15 15:15:16'),
(47, 1, '2023-09-01', 29, 'Post Prandial', 207, 'Tinggi', 12, '2024-10-15 15:23:35', '2024-10-15 15:23:35'),
(48, 2, '2024-04-23', 29, 'Puasa', 107, 'Tinggi', 12, '2024-10-15 15:24:01', '2024-10-15 15:24:01'),
(49, 2, '2024-04-23', 30, 'Puasa', 92, 'Normal', 11, '2024-10-15 15:37:23', '2024-10-15 15:37:23'),
(50, 1, '2023-09-01', 31, 'Post Prandial', 134, 'Normal', 11, '2024-10-15 15:40:14', '2024-10-15 15:40:14'),
(51, 2, '2024-04-23', 32, 'Puasa', 104, 'Tinggi', 12, '2024-10-16 04:19:30', '2024-10-16 04:19:30'),
(52, 1, '2023-09-01', 33, 'Post Prandial', 103, 'Normal', 11, '2024-10-16 05:29:03', '2024-10-16 05:29:03'),
(53, 2, '2024-04-23', 33, 'Post Prandial', 99, 'Normal', 11, '2024-10-16 05:29:23', '2024-10-16 05:29:23'),
(54, 1, '2023-09-01', 34, 'Post Prandial', 113, 'Normal', 11, '2024-10-16 05:47:02', '2024-10-16 05:47:55'),
(55, 2, '2024-04-23', 34, 'Sewaktu', 98, 'Normal', 11, '2024-10-16 05:47:24', '2024-10-16 05:47:24'),
(56, 1, '2023-09-01', 35, 'Sewaktu', 107, 'Normal', 11, '2024-10-16 05:52:01', '2024-10-16 05:52:01'),
(57, 2, '2024-04-23', 36, 'Sewaktu', 138, 'Tinggi', 12, '2024-10-16 10:10:59', '2024-10-16 10:10:59'),
(58, 1, '2023-09-01', 37, 'Post Prandial', 103, 'Normal', 11, '2024-10-16 10:51:19', '2024-10-16 10:51:19'),
(59, 1, '2023-09-01', 38, 'Post Prandial', 89, 'Normal', 11, '2024-10-16 11:01:23', '2024-10-16 11:01:23'),
(60, 2, '2024-04-23', 38, 'Post Prandial', 106, 'Normal', 11, '2024-10-16 11:01:58', '2024-10-16 11:01:58'),
(61, 1, '2023-09-01', 39, 'Sewaktu', 126, 'Tinggi', 12, '2024-10-17 13:17:06', '2024-10-17 13:17:06'),
(62, 2, '2024-04-23', 39, 'Sewaktu', 121, 'Normal', 11, '2024-10-17 13:17:27', '2024-10-17 13:17:27'),
(63, 1, '2023-09-01', 40, 'Post Prandial', 67, 'Rendah', 10, '2024-10-18 04:14:32', '2024-10-18 04:14:32'),
(64, 2, '2024-04-23', 40, 'Puasa', 102, 'Tinggi', 12, '2024-10-18 04:14:53', '2024-10-18 04:14:53'),
(65, 1, '2023-09-01', 41, 'Post Prandial', 80, 'Normal', 11, '2024-10-18 04:19:19', '2024-10-18 04:19:19'),
(66, 2, '2024-04-23', 41, 'Puasa', 99, 'Normal', 11, '2024-10-18 04:19:35', '2024-10-18 04:19:35'),
(67, 1, '2023-09-01', 42, 'Sewaktu', 91, 'Normal', 11, '2024-10-18 08:17:24', '2024-10-18 08:17:24'),
(68, 2, '2024-04-23', 42, 'Puasa', 103, 'Tinggi', 12, '2024-10-18 08:17:56', '2024-10-18 08:17:56'),
(69, 2, '2024-04-23', 43, 'Puasa', 97, 'Normal', 11, '2024-10-21 02:57:26', '2024-10-21 02:57:26'),
(70, 1, '2023-09-01', 44, 'Sewaktu', 132, 'Tinggi', 12, '2024-10-21 03:20:22', '2024-10-21 03:20:22'),
(71, 2, '2024-04-23', 44, 'Sewaktu', 146, 'Tinggi', 12, '2024-10-21 03:20:47', '2024-10-21 03:20:47'),
(72, 1, '2023-09-01', 45, 'Post Prandial', 101, 'Normal', 11, '2024-10-21 03:35:04', '2024-10-21 03:35:04'),
(73, 2, '2024-04-23', 45, 'Post Prandial', 119, 'Normal', 11, '2024-10-21 03:35:21', '2024-10-21 03:35:21'),
(74, 1, '2023-09-01', 46, 'Post Prandial', 137, 'Normal', 11, '2024-10-21 03:43:05', '2024-10-21 03:43:05'),
(75, 2, '2024-04-23', 46, 'Puasa', 95, 'Normal', 11, '2024-10-21 03:43:29', '2024-10-21 03:43:29'),
(76, 1, '2023-09-01', 47, 'Post Prandial', 99, 'Normal', 11, '2024-10-21 04:01:56', '2024-10-21 04:01:56'),
(77, 2, '2024-04-23', 47, 'Puasa', 109, 'Tinggi', 12, '2024-10-21 04:02:24', '2024-10-21 04:02:24'),
(78, 1, '2023-09-01', 48, 'Post Prandial', 114, 'Normal', 11, '2024-10-21 04:12:55', '2024-10-21 04:12:55'),
(79, 2, '2024-04-23', 48, 'Post Prandial', 119, 'Normal', 11, '2024-10-21 04:13:13', '2024-10-21 04:13:13'),
(80, 2, '2024-04-23', 49, 'Puasa', 112, 'Tinggi', 12, '2024-10-21 04:20:34', '2024-10-21 04:20:34'),
(81, 2, '2024-04-23', 50, 'Puasa', 117, 'Tinggi', 12, '2024-10-21 04:27:26', '2024-10-21 04:27:26'),
(82, 1, '2023-09-01', 51, 'Post Prandial', 109, 'Normal', 11, '2024-10-21 04:34:19', '2024-10-21 04:34:19'),
(83, 2, '2024-04-23', 51, 'Puasa', 106, 'Tinggi', 12, '2024-10-21 04:34:34', '2024-10-21 04:34:34'),
(84, 1, '2023-09-01', 52, 'Post Prandial', 109, 'Normal', 11, '2024-10-21 06:53:40', '2024-10-21 06:53:40'),
(85, 2, '2024-04-23', 52, 'Puasa', 91, 'Normal', 11, '2024-10-21 06:53:58', '2024-10-21 06:53:58'),
(86, 2, '2024-04-23', 53, 'Post Prandial', 100, 'Normal', 11, '2024-10-21 07:03:03', '2024-10-21 07:03:03'),
(87, 1, '2023-09-01', 54, 'Post Prandial', 113, 'Normal', 11, '2024-10-21 07:13:51', '2024-10-21 07:13:51'),
(88, 2, '2024-04-23', 54, 'Sewaktu', 162, 'Tinggi', 12, '2024-10-21 07:14:07', '2024-10-21 07:14:07'),
(89, 1, '2023-09-01', 55, 'Post Prandial', 90, 'Normal', 11, '2024-10-21 07:40:06', '2024-10-21 07:40:06'),
(90, 2, '2024-04-23', 55, 'Puasa', 106, 'Tinggi', 12, '2024-10-21 07:40:28', '2024-10-21 07:40:28'),
(91, 1, '2023-09-01', 56, 'Post Prandial', 110, 'Normal', 11, '2024-10-21 07:46:47', '2024-10-21 07:46:47'),
(92, 2, '2024-04-23', 56, 'Post Prandial', 155, 'Tinggi', 12, '2024-10-21 07:47:05', '2024-10-21 07:47:05'),
(93, 1, '2023-09-01', 57, 'Post Prandial', 91, 'Normal', 11, '2024-10-21 07:54:04', '2024-10-21 07:54:04'),
(94, 2, '2024-04-23', 57, 'Puasa', 115, 'Tinggi', 12, '2024-10-21 07:54:20', '2024-10-21 07:54:20'),
(95, 1, '2023-09-01', 58, 'Post Prandial', 105, 'Normal', 11, '2024-10-21 07:58:44', '2024-10-21 07:58:44'),
(96, 1, '2023-09-01', 60, 'Puasa', 88, 'Normal', 11, '2024-10-21 08:33:55', '2024-10-21 08:33:55'),
(97, 2, '2024-04-23', 60, 'Post Prandial', 101, 'Normal', 11, '2024-10-21 08:34:14', '2024-10-21 08:34:14'),
(98, 2, '2024-04-23', 61, 'Post Prandial', 92, 'Normal', 11, '2024-10-21 08:40:39', '2024-10-21 08:40:39'),
(99, 2, '2024-04-23', 62, 'Post Prandial', 79, 'Normal', 11, '2024-10-21 08:46:03', '2024-10-21 08:46:03'),
(100, 1, '2023-09-01', 63, 'Post Prandial', 80, 'Normal', 11, '2024-10-21 08:51:33', '2024-10-21 08:51:33'),
(101, 2, '2024-04-23', 63, 'Post Prandial', 66, 'Rendah', 10, '2024-10-21 08:51:45', '2024-10-21 08:51:45'),
(102, 1, '2023-09-01', 64, 'Sewaktu', 98, 'Normal', 11, '2024-10-21 09:03:10', '2024-10-21 09:03:10'),
(103, 2, '2024-04-23', 64, 'Puasa', 93, 'Normal', 11, '2024-10-21 09:03:24', '2024-10-21 09:03:24'),
(104, 1, '2023-09-01', 66, 'Post Prandial', 84, 'Normal', 11, '2024-10-25 10:59:01', '2024-10-25 10:59:01'),
(105, 2, '2024-04-23', 66, 'Post Prandial', 86, 'Normal', 11, '2024-10-25 10:59:22', '2024-10-25 10:59:22'),
(106, 1, '2023-09-01', 67, 'Puasa', 106, 'Tinggi', 12, '2024-10-25 11:34:53', '2024-10-25 11:34:53'),
(107, 2, '2024-04-23', 67, 'Puasa', 121, 'Tinggi', 12, '2024-10-25 11:35:11', '2024-10-25 11:35:11'),
(108, 2, '2024-04-23', 68, 'Post Prandial', 102, 'Normal', 11, '2024-10-25 11:45:23', '2024-10-25 11:45:23'),
(109, 2, '2024-04-23', 69, 'Puasa', 96, 'Normal', 11, '2024-10-25 11:56:31', '2024-10-25 11:56:31'),
(110, 2, '2024-04-23', 70, 'Sewaktu', 121, 'Normal', 11, '2024-10-25 12:01:09', '2024-10-25 12:01:09'),
(111, 2, '2024-04-23', 71, 'Sewaktu', 147, 'Tinggi', 12, '2024-10-25 12:06:32', '2024-10-25 12:06:32'),
(112, 1, '2023-09-01', 72, 'Post Prandial', 88, 'Normal', 11, '2024-10-28 01:40:42', '2024-10-28 01:40:42'),
(113, 2, '2024-04-23', 72, 'Post Prandial', 85, 'Normal', 11, '2024-10-28 01:41:03', '2024-10-28 01:41:03'),
(114, 1, '2023-09-01', 73, 'Post Prandial', 119, 'Normal', 11, '2024-10-28 01:49:04', '2024-10-28 01:49:04'),
(115, 2, '2024-04-23', 73, 'Post Prandial', 91, 'Normal', 11, '2024-10-28 01:49:46', '2024-10-28 01:49:46'),
(116, 1, '2023-09-01', 74, 'Post Prandial', 81, 'Normal', 11, '2024-10-28 09:10:47', '2024-10-28 09:10:47'),
(117, 1, '2023-09-01', 75, 'Post Prandial', 105, 'Normal', 11, '2024-10-28 10:43:10', '2024-10-28 10:43:10'),
(118, 1, '2023-09-01', 76, 'Post Prandial', 88, 'Normal', 11, '2024-10-28 10:49:50', '2024-10-28 10:49:50'),
(119, 2, '2024-04-23', 77, 'Post Prandial', 83, 'Normal', 11, '2024-10-28 11:45:38', '2024-10-28 11:45:38'),
(120, 2, '2024-04-23', 78, 'Puasa', 107, 'Tinggi', 12, '2024-10-28 11:53:57', '2024-10-28 11:53:57');

-- --------------------------------------------------------

--
-- Table structure for table `kolesterol`
--

CREATE TABLE `kolesterol` (
  `id` bigint(20) UNSIGNED NOT NULL,
  `periode_id` bigint(20) UNSIGNED NOT NULL,
  `tanggal` date NOT NULL,
  `pegawai_id` bigint(20) UNSIGNED NOT NULL,
  `hasil` double NOT NULL,
  `status` enum('Rendah','Normal','Tinggi') NOT NULL,
  `rekomendasi_id` bigint(20) UNSIGNED DEFAULT NULL,
  `created_at` timestamp NULL DEFAULT NULL,
  `updated_at` timestamp NULL DEFAULT NULL
) ENGINE=InnoDB DEFAULT CHARSET=utf8mb4 COLLATE=utf8mb4_unicode_ci;

--
-- Dumping data for table `kolesterol`
--

INSERT INTO `kolesterol` (`id`, `periode_id`, `tanggal`, `pegawai_id`, `hasil`, `status`, `rekomendasi_id`, `created_at`, `updated_at`) VALUES
(1, 1, '2023-04-01', 5, 246, 'Tinggi', 6, '2024-09-25 11:47:39', '2024-09-25 11:47:39'),
(2, 2, '2024-04-23', 5, 186, 'Normal', 5, '2024-09-25 11:49:06', '2024-09-25 11:49:06'),
(3, 1, '2023-09-01', 3, 175, 'Normal', 5, '2024-09-30 07:38:46', '2024-09-30 07:38:46'),
(4, 2, '2024-04-23', 2, 225, 'Tinggi', 6, '2024-09-30 08:23:07', '2024-09-30 08:23:07'),
(5, 1, '2023-09-01', 4, 197, 'Normal', 5, '2024-10-10 07:48:58', '2024-10-10 07:48:58'),
(6, 1, '2023-09-01', 6, 242, 'Tinggi', 6, '2024-10-10 07:53:15', '2024-10-10 07:53:15'),
(7, 1, '2023-09-01', 7, 242, 'Tinggi', 6, '2024-10-10 07:55:18', '2024-10-10 07:55:18'),
(8, 1, '2023-09-01', 8, 179, 'Normal', 5, '2024-10-14 04:33:54', '2024-10-14 04:33:54'),
(9, 2, '2024-04-23', 8, 189, 'Normal', 5, '2024-10-14 04:34:46', '2024-10-14 04:35:08'),
(10, 1, '2024-09-01', 9, 214, 'Tinggi', 6, '2024-10-14 06:21:22', '2024-10-14 06:21:22'),
(11, 2, '2024-04-23', 9, 183, 'Normal', 5, '2024-10-14 06:21:45', '2024-10-14 06:21:45'),
(12, 1, '2023-09-01', 10, 190, 'Normal', 5, '2024-10-14 06:32:26', '2024-10-14 06:32:26'),
(13, 2, '2024-04-23', 10, 185, 'Normal', 5, '2024-10-14 06:33:19', '2024-10-14 06:33:19'),
(14, 1, '2023-09-01', 11, 164, 'Normal', 5, '2024-10-14 06:41:52', '2024-10-14 06:43:42'),
(15, 1, '2023-09-01', 12, 166, 'Normal', 5, '2024-10-14 06:55:06', '2024-10-14 06:55:06'),
(16, 2, '2024-04-23', 12, 169, 'Normal', 5, '2024-10-14 06:55:37', '2024-10-14 06:55:37'),
(17, 1, '2023-09-01', 13, 179, 'Normal', 5, '2024-10-15 01:05:22', '2024-10-15 01:05:22'),
(18, 2, '2024-04-23', 13, 188, 'Normal', 5, '2024-10-15 01:06:13', '2024-10-15 01:06:13'),
(19, 1, '2023-09-01', 14, 176, 'Normal', 5, '2024-10-15 02:23:07', '2024-10-15 02:23:07'),
(20, 2, '2024-04-23', 14, 178, 'Normal', 5, '2024-10-15 02:23:30', '2024-10-15 02:23:30'),
(21, 1, '2023-09-01', 15, 123, 'Normal', 5, '2024-10-15 02:43:52', '2024-10-15 02:43:52'),
(22, 2, '2024-04-23', 15, 176, 'Normal', 5, '2024-10-15 02:44:09', '2024-10-15 02:44:09'),
(23, 1, '2024-09-01', 16, 201, 'Tinggi', 6, '2024-10-15 02:52:39', '2024-10-15 02:52:39'),
(24, 2, '2024-04-23', 16, 242, 'Tinggi', 6, '2024-10-15 02:53:00', '2024-10-15 02:53:00'),
(25, 1, '2023-09-01', 17, 182, 'Normal', 5, '2024-10-15 03:06:55', '2024-10-15 03:06:55'),
(26, 2, '2024-04-23', 17, 183, 'Normal', 5, '2024-10-15 03:07:13', '2024-10-15 03:07:13'),
(27, 1, '2023-09-01', 18, 242, 'Tinggi', 6, '2024-10-15 03:19:29', '2024-10-15 03:19:29'),
(28, 2, '2024-04-23', 18, 220, 'Tinggi', 6, '2024-10-15 03:19:47', '2024-10-15 03:19:47'),
(29, 1, '2023-09-01', 19, 184, 'Normal', 5, '2024-10-15 03:28:35', '2024-10-15 03:28:35'),
(30, 2, '2024-04-23', 19, 189, 'Normal', 5, '2024-10-15 03:28:49', '2024-10-15 03:29:04'),
(31, 1, '2023-09-01', 20, 174, 'Normal', 5, '2024-10-15 06:03:35', '2024-10-15 06:03:35'),
(32, 2, '2024-04-23', 20, 195, 'Normal', 5, '2024-10-15 06:04:13', '2024-10-15 06:04:13'),
(33, 2, '2024-04-23', 21, 203, 'Tinggi', 6, '2024-10-15 12:51:12', '2024-10-15 12:51:12'),
(34, 1, '2023-09-01', 22, 267, 'Tinggi', 6, '2024-10-15 13:00:49', '2024-10-15 13:00:49'),
(35, 2, '2024-04-23', 22, 248, 'Tinggi', 6, '2024-10-15 13:02:10', '2024-10-15 13:02:10'),
(36, 2, '2024-04-23', 23, 241, 'Tinggi', 6, '2024-10-15 13:14:08', '2024-10-15 13:14:08'),
(37, 1, '2023-09-01', 24, 196, 'Normal', 5, '2024-10-15 14:36:47', '2024-10-15 14:36:47'),
(38, 2, '2024-04-23', 24, 186, 'Normal', 5, '2024-10-15 14:37:12', '2024-10-15 14:37:12'),
(39, 1, '2023-09-01', 25, 186, 'Normal', 5, '2024-10-15 14:56:54', '2024-10-15 14:56:54'),
(40, 2, '2024-04-23', 25, 187, 'Normal', 5, '2024-10-15 14:57:10', '2024-10-15 14:57:10'),
(41, 1, '2023-09-01', 26, 201, 'Tinggi', 6, '2024-10-15 15:03:10', '2024-10-15 15:03:10'),
(42, 2, '2024-04-23', 26, 208, 'Tinggi', 6, '2024-10-15 15:03:32', '2024-10-15 15:03:32'),
(43, 1, '2023-09-01', 27, 225, 'Tinggi', 6, '2024-10-15 15:07:48', '2024-10-15 15:07:48'),
(44, 2, '2024-04-23', 27, 224, 'Tinggi', 6, '2024-10-15 15:08:05', '2024-10-15 15:08:05'),
(45, 1, '2023-09-01', 28, 226, 'Tinggi', 6, '2024-10-15 15:13:04', '2024-10-15 15:13:04'),
(46, 2, '2024-04-23', 28, 265, 'Tinggi', 6, '2024-10-15 15:13:32', '2024-10-15 15:13:32'),
(47, 1, '2023-09-01', 29, 226, 'Tinggi', 6, '2024-10-15 15:21:28', '2024-10-15 15:21:28'),
(48, 2, '2024-04-23', 29, 210, 'Tinggi', 6, '2024-10-15 15:21:48', '2024-10-15 15:21:48'),
(49, 1, '2023-09-01', 30, 252, 'Tinggi', 6, '2024-10-15 15:35:35', '2024-10-15 15:35:35'),
(50, 2, '2024-04-23', 30, 206, 'Tinggi', 6, '2024-10-15 15:35:53', '2024-10-15 15:35:53'),
(51, 1, '2023-09-01', 31, 182, 'Normal', 5, '2024-10-15 15:39:35', '2024-10-15 15:39:35'),
(52, 2, '2024-04-23', 32, 162, 'Normal', 5, '2024-10-16 04:18:29', '2024-10-16 04:18:29'),
(53, 1, '2023-09-01', 33, 196, 'Normal', 5, '2024-10-16 05:15:14', '2024-10-16 05:15:14'),
(54, 2, '2024-04-23', 33, 201, 'Tinggi', 6, '2024-10-16 05:27:31', '2024-10-16 05:27:31'),
(55, 1, '2023-09-01', 34, 181, 'Normal', 5, '2024-10-16 05:45:00', '2024-10-16 05:45:00'),
(56, 2, '2024-04-23', 34, 217, 'Tinggi', 6, '2024-10-16 05:45:18', '2024-10-16 05:45:18'),
(57, 1, '2023-09-01', 35, 171, 'Normal', 5, '2024-10-16 05:50:58', '2024-10-16 05:50:58'),
(58, 1, '2023-09-01', 36, 171, 'Normal', 5, '2024-10-16 10:07:21', '2024-10-16 10:07:21'),
(59, 2, '2024-04-23', 36, 184, 'Normal', 5, '2024-10-16 10:07:50', '2024-10-16 10:07:50'),
(60, 1, '2023-09-01', 37, 141, 'Normal', 5, '2024-10-16 10:50:32', '2024-10-16 10:50:32'),
(61, 1, '2023-09-01', 38, 169, 'Normal', 5, '2024-10-16 10:53:14', '2024-10-16 10:53:14'),
(62, 2, '2024-04-23', 38, 206, 'Tinggi', 6, '2024-10-16 10:53:35', '2024-10-16 10:53:35'),
(63, 1, '2023-09-01', 39, 196, 'Normal', 5, '2024-10-17 13:15:13', '2024-10-17 13:15:13'),
(64, 2, '2024-04-23', 39, 198, 'Normal', 5, '2024-10-17 13:15:33', '2024-10-17 13:15:33'),
(65, 1, '2023-09-01', 40, 162, 'Normal', 5, '2024-10-18 04:12:08', '2024-10-18 04:12:08'),
(66, 2, '2024-04-23', 40, 176, 'Normal', 5, '2024-10-18 04:12:38', '2024-10-18 04:12:38'),
(67, 1, '2023-09-01', 41, 196, 'Normal', 5, '2024-10-18 04:17:40', '2024-10-18 04:17:40'),
(68, 2, '2024-04-23', 41, 187, 'Normal', 5, '2024-10-18 04:18:04', '2024-10-18 04:18:04'),
(69, 1, '2023-09-01', 42, 175, 'Normal', 5, '2024-10-18 07:58:22', '2024-10-18 07:58:22'),
(70, 2, '2024-04-23', 42, 171, 'Normal', 5, '2024-10-18 07:59:02', '2024-10-18 07:59:02'),
(71, 1, '2023-09-01', 43, 241, 'Tinggi', 6, '2024-10-21 02:53:11', '2024-10-21 02:53:45'),
(72, 2, '2024-04-23', 43, 205, 'Tinggi', 6, '2024-10-21 02:55:29', '2024-10-21 02:55:29'),
(73, 1, '2023-09-01', 44, 176, 'Normal', 5, '2024-10-21 03:06:18', '2024-10-21 03:06:18'),
(74, 2, '2024-04-23', 44, 219, 'Tinggi', 6, '2024-10-21 03:06:41', '2024-10-21 03:06:41'),
(75, 1, '2023-09-01', 45, 211, 'Tinggi', 6, '2024-10-21 03:32:46', '2024-10-21 03:32:46'),
(76, 2, '2024-04-23', 45, 211, 'Tinggi', 6, '2024-10-21 03:33:02', '2024-10-21 03:33:02'),
(77, 1, '2023-09-01', 46, 112, 'Normal', 5, '2024-10-21 03:41:25', '2024-10-21 03:41:25'),
(78, 2, '2024-04-23', 46, 177, 'Normal', 5, '2024-10-21 03:41:45', '2024-10-21 03:41:45'),
(79, 1, '2023-09-01', 47, 225, 'Tinggi', 6, '2024-10-21 04:00:02', '2024-10-21 04:00:02'),
(80, 2, '2024-04-23', 47, 187, 'Normal', 5, '2024-10-21 04:00:28', '2024-10-21 04:00:28'),
(81, 1, '2023-10-01', 48, 224, 'Tinggi', 6, '2024-10-21 04:11:38', '2024-10-21 04:11:38'),
(82, 2, '2024-04-23', 48, 262, 'Tinggi', 6, '2024-10-21 04:11:54', '2024-10-21 04:11:54'),
(83, 2, '2024-04-23', 49, 185, 'Normal', 5, '2024-10-21 04:20:00', '2024-10-21 04:20:00'),
(84, 2, '2024-04-23', 50, 216, 'Tinggi', 6, '2024-10-21 04:26:33', '2024-10-21 04:26:33'),
(85, 1, '2023-09-01', 51, 172, 'Normal', 5, '2024-10-21 04:32:24', '2024-10-21 04:32:45'),
(86, 2, '2024-04-23', 51, 158, 'Normal', 5, '2024-10-21 04:33:06', '2024-10-21 04:33:06'),
(87, 1, '2023-09-01', 52, 172, 'Normal', 5, '2024-10-21 06:51:35', '2024-10-21 06:51:35'),
(88, 2, '2024-04-23', 52, 177, 'Normal', 5, '2024-10-21 06:51:49', '2024-10-21 06:51:49'),
(89, 2, '2024-04-23', 53, 159, 'Normal', 5, '2024-10-21 07:02:28', '2024-10-21 07:02:28'),
(90, 1, '2023-09-01', 54, 154, 'Normal', 5, '2024-10-21 07:12:34', '2024-10-21 07:12:34'),
(91, 2, '2024-04-23', 54, 174, 'Normal', 5, '2024-10-21 07:12:50', '2024-10-21 07:12:50'),
(92, 1, '2023-09-01', 55, 179, 'Normal', 5, '2024-10-21 07:38:38', '2024-10-21 07:38:38'),
(93, 2, '2024-04-23', 55, 202, 'Tinggi', 6, '2024-10-21 07:38:57', '2024-10-21 07:38:57'),
(94, 1, '2023-09-01', 56, 163, 'Normal', 5, '2024-10-21 07:45:22', '2024-10-21 07:45:22'),
(95, 2, '2024-04-23', 56, 177, 'Normal', 5, '2024-10-21 07:45:35', '2024-10-21 07:45:35'),
(96, 1, '2023-09-01', 57, 240, 'Tinggi', 6, '2024-10-21 07:52:32', '2024-10-21 07:52:32'),
(97, 2, '2024-04-23', 57, 194, 'Normal', 5, '2024-10-21 07:52:50', '2024-10-21 07:52:50'),
(98, 1, '2023-09-01', 58, 205, 'Tinggi', 6, '2024-10-21 07:58:11', '2024-10-21 07:58:11'),
(99, 1, '2023-09-01', 59, 229, 'Tinggi', 6, '2024-10-21 08:23:25', '2024-10-21 08:23:25'),
(100, 1, '2023-09-01', 60, 182, 'Normal', 5, '2024-10-21 08:30:35', '2024-10-21 08:30:35'),
(101, 2, '2024-04-23', 60, 108, 'Normal', 5, '2024-10-21 08:30:49', '2024-10-21 08:30:49'),
(102, 2, '2024-04-23', 61, 212, 'Tinggi', 6, '2024-10-21 08:40:05', '2024-10-21 08:40:05'),
(103, 2, '2024-04-23', 62, 233, 'Tinggi', 6, '2024-10-21 08:45:20', '2024-10-21 08:45:20'),
(104, 1, '2023-09-01', 63, 211, 'Tinggi', 6, '2024-10-21 08:50:24', '2024-10-21 08:50:24'),
(105, 2, '2024-04-23', 63, 219, 'Tinggi', 6, '2024-10-21 08:50:36', '2024-10-21 08:50:36'),
(106, 1, '2023-09-01', 64, 243, 'Tinggi', 6, '2024-10-21 09:01:13', '2024-10-21 09:01:13'),
(107, 2, '2024-04-23', 64, 182, 'Normal', 5, '2024-10-21 09:01:26', '2024-10-21 09:01:26'),
(108, 1, '2023-09-01', 65, 195, 'Normal', 5, '2024-10-21 09:13:22', '2024-10-21 09:13:22'),
(109, 2, '2024-04-23', 65, 192, 'Normal', 5, '2024-10-21 09:13:36', '2024-10-21 09:13:36'),
(110, 1, '2023-09-01', 66, 243, 'Tinggi', 6, '2024-10-25 10:57:34', '2024-10-25 10:57:34'),
(111, 2, '2024-04-23', 66, 245, 'Tinggi', 6, '2024-10-25 10:57:50', '2024-10-25 10:57:50'),
(112, 1, '2023-09-01', 67, 219, 'Tinggi', 6, '2024-10-25 11:31:25', '2024-10-25 11:31:25'),
(113, 2, '2024-04-23', 67, 197, 'Normal', 5, '2024-10-25 11:31:48', '2024-10-25 11:31:48'),
(114, 2, '2024-04-23', 68, 151, 'Normal', 5, '2024-10-25 11:44:47', '2024-10-25 11:44:47'),
(115, 1, '2023-09-01', 69, 201, 'Tinggi', 6, '2024-10-25 11:53:02', '2024-10-25 11:53:02'),
(116, 2, '2024-04-23', 69, 224, 'Tinggi', 6, '2024-10-25 11:53:18', '2024-10-25 11:53:18'),
(117, 2, '2024-04-23', 70, 211, 'Tinggi', 6, '2024-10-25 12:00:29', '2024-10-25 12:00:29'),
(118, 2, '2024-04-23', 71, 175, 'Normal', 5, '2024-10-25 12:05:53', '2024-10-25 12:05:53'),
(119, 1, '2023-09-01', 72, 283, 'Tinggi', 6, '2024-10-28 01:38:56', '2024-10-28 01:38:56'),
(120, 2, '2024-04-23', 72, 205, 'Tinggi', 6, '2024-10-28 01:39:24', '2024-10-28 01:39:24'),
(121, 1, '2023-09-01', 73, 214, 'Tinggi', 6, '2024-10-28 01:47:27', '2024-10-28 01:47:27'),
(122, 2, '2024-04-23', 73, 195, 'Normal', 5, '2024-10-28 01:47:49', '2024-10-28 01:47:49'),
(123, 1, '2023-09-01', 74, 208, 'Tinggi', 6, '2024-10-28 09:10:06', '2024-10-28 09:10:06'),
(124, 1, '2023-09-01', 75, 273, 'Tinggi', 6, '2024-10-28 10:42:31', '2024-10-28 10:42:31'),
(125, 1, '2023-09-01', 76, 170, 'Normal', 5, '2024-10-28 10:49:00', '2024-10-28 10:49:00'),
(126, 2, '2024-04-23', 77, 193, 'Normal', 5, '2024-10-28 11:44:50', '2024-10-28 11:44:50'),
(127, 2, '2024-04-23', 78, 176, 'Normal', 5, '2024-10-28 11:53:07', '2024-10-28 11:53:07');

-- --------------------------------------------------------

--
-- Table structure for table `migrations`
--

CREATE TABLE `migrations` (
  `id` int(10) UNSIGNED NOT NULL,
  `migration` varchar(255) NOT NULL,
  `batch` int(11) NOT NULL
) ENGINE=InnoDB DEFAULT CHARSET=utf8mb4 COLLATE=utf8mb4_unicode_ci;

--
-- Dumping data for table `migrations`
--

INSERT INTO `migrations` (`id`, `migration`, `batch`) VALUES
(1, '2014_10_12_000000_create_users_table', 1),
(2, '2014_10_12_100000_create_password_reset_tokens_table', 1),
(3, '2014_10_12_100000_create_password_resets_table', 1),
(4, '2019_08_19_000000_create_failed_jobs_table', 1),
(5, '2019_12_14_000001_create_personal_access_tokens_table', 1),
(6, '2024_02_11_142512_create_divisis_table', 1),
(7, '2024_02_12_155757_create_pegawai_table', 1),
(8, '2024_02_15_202404_create_permission_tables', 1),
(9, '2024_04_24_000001_add_user_social_provider_table', 1),
(10, '2024_04_24_000002_update_passwords_field_to_be_nullable', 1),
(11, '2024_05_07_000003_add_two_factor_auth_columns', 1),
(12, '2024_08_27_111636_add_is_admin_to_users_table', 1),
(13, '2024_09_13_141333_create_periode_table', 1),
(14, '2024_09_19_103522_create_rekomendasis_table', 2),
(15, '2024_09_19_173820_create_fisiks_table', 3),
(16, '2024_09_19_184235_create_kolesterols_table', 4),
(17, '2024_09_19_185952_create_kolesterols_table', 5),
(18, '2024_09_19_190529_create_asam_urats_table', 6),
(19, '2024_09_19_193756_create_kolesterol_table', 7),
(20, '2024_09_19_193813_create_asam_urat_table', 7),
(21, '2024_09_20_113130_create_tekanan_darahs_table', 8),
(22, '2024_09_20_131904_create_tekanan_darah_table', 9),
(23, '2024_09_20_170035_create_gula_darahs_table', 10);

-- --------------------------------------------------------

--
-- Table structure for table `model_has_permissions`
--

CREATE TABLE `model_has_permissions` (
  `permission_id` bigint(20) UNSIGNED NOT NULL,
  `model_type` varchar(255) NOT NULL,
  `model_id` bigint(20) UNSIGNED NOT NULL
) ENGINE=InnoDB DEFAULT CHARSET=utf8mb4 COLLATE=utf8mb4_unicode_ci;

-- --------------------------------------------------------

--
-- Table structure for table `model_has_roles`
--

CREATE TABLE `model_has_roles` (
  `role_id` bigint(20) UNSIGNED NOT NULL,
  `model_type` varchar(255) NOT NULL,
  `model_id` bigint(20) UNSIGNED NOT NULL
) ENGINE=InnoDB DEFAULT CHARSET=utf8mb4 COLLATE=utf8mb4_unicode_ci;

--
-- Dumping data for table `model_has_roles`
--

INSERT INTO `model_has_roles` (`role_id`, `model_type`, `model_id`) VALUES
(3, 'App\\Models\\User', 3),
(4, 'App\\Models\\User', 4),
(4, 'App\\Models\\User', 5),
(4, 'App\\Models\\User', 6),
(4, 'App\\Models\\User', 7),
(4, 'App\\Models\\User', 8),
(4, 'App\\Models\\User', 9),
(4, 'App\\Models\\User', 10),
(4, 'App\\Models\\User', 11),
(4, 'App\\Models\\User', 12),
(4, 'App\\Models\\User', 13),
(4, 'App\\Models\\User', 14),
(4, 'App\\Models\\User', 15),
(4, 'App\\Models\\User', 16),
(4, 'App\\Models\\User', 17),
(4, 'App\\Models\\User', 18),
(4, 'App\\Models\\User', 19),
(4, 'App\\Models\\User', 20),
(4, 'App\\Models\\User', 21),
(4, 'App\\Models\\User', 22),
(4, 'App\\Models\\User', 23),
(4, 'App\\Models\\User', 24),
(4, 'App\\Models\\User', 25),
(4, 'App\\Models\\User', 26),
(4, 'App\\Models\\User', 27),
(4, 'App\\Models\\User', 28),
(4, 'App\\Models\\User', 29),
(4, 'App\\Models\\User', 30),
(4, 'App\\Models\\User', 31),
(4, 'App\\Models\\User', 32),
(4, 'App\\Models\\User', 33),
(4, 'App\\Models\\User', 34),
(4, 'App\\Models\\User', 35),
(4, 'App\\Models\\User', 36),
(4, 'App\\Models\\User', 37),
(4, 'App\\Models\\User', 38),
(4, 'App\\Models\\User', 39),
(4, 'App\\Models\\User', 40),
(4, 'App\\Models\\User', 41),
(4, 'App\\Models\\User', 42),
(4, 'App\\Models\\User', 43),
(4, 'App\\Models\\User', 44),
(4, 'App\\Models\\User', 45),
(4, 'App\\Models\\User', 46),
(4, 'App\\Models\\User', 47),
(4, 'App\\Models\\User', 48),
(4, 'App\\Models\\User', 49),
(4, 'App\\Models\\User', 50),
(4, 'App\\Models\\User', 51),
(4, 'App\\Models\\User', 52),
(4, 'App\\Models\\User', 53),
(4, 'App\\Models\\User', 54),
(4, 'App\\Models\\User', 55),
(4, 'App\\Models\\User', 56),
(4, 'App\\Models\\User', 57),
(4, 'App\\Models\\User', 58),
(4, 'App\\Models\\User', 59),
(4, 'App\\Models\\User', 60),
(4, 'App\\Models\\User', 61),
(4, 'App\\Models\\User', 62),
(4, 'App\\Models\\User', 63),
(4, 'App\\Models\\User', 64),
(4, 'App\\Models\\User', 65),
(4, 'App\\Models\\User', 66),
(4, 'App\\Models\\User', 67),
(4, 'App\\Models\\User', 68),
(4, 'App\\Models\\User', 69),
(4, 'App\\Models\\User', 70),
(4, 'App\\Models\\User', 71),
(4, 'App\\Models\\User', 72),
(4, 'App\\Models\\User', 73),
(4, 'App\\Models\\User', 74),
(4, 'App\\Models\\User', 75),
(4, 'App\\Models\\User', 76),
(4, 'App\\Models\\User', 77),
(4, 'App\\Models\\User', 78),
(4, 'App\\Models\\User', 79),
(4, 'App\\Models\\User', 80);

-- --------------------------------------------------------

--
-- Table structure for table `password_resets`
--

CREATE TABLE `password_resets` (
  `email` varchar(255) NOT NULL,
  `token` varchar(255) NOT NULL,
  `created_at` timestamp NULL DEFAULT NULL
) ENGINE=InnoDB DEFAULT CHARSET=utf8mb4 COLLATE=utf8mb4_unicode_ci;

-- --------------------------------------------------------

--
-- Table structure for table `password_reset_tokens`
--

CREATE TABLE `password_reset_tokens` (
  `email` varchar(255) NOT NULL,
  `token` varchar(255) NOT NULL,
  `created_at` timestamp NULL DEFAULT NULL
) ENGINE=InnoDB DEFAULT CHARSET=utf8mb4 COLLATE=utf8mb4_unicode_ci;

-- --------------------------------------------------------

--
-- Table structure for table `pegawai`
--

CREATE TABLE `pegawai` (
  `id` bigint(20) UNSIGNED NOT NULL,
  `nama` varchar(255) NOT NULL,
  `gender` enum('L','P') NOT NULL,
  `tempat_lahir` varchar(255) DEFAULT NULL,
  `tanggal_lahir` date NOT NULL,
  `umur` int(11) DEFAULT NULL,
  `user_id` bigint(20) UNSIGNED NOT NULL,
  `divisi_id` bigint(20) UNSIGNED NOT NULL,
  `foto` varchar(255) DEFAULT NULL,
  `created_at` timestamp NULL DEFAULT NULL,
  `updated_at` timestamp NULL DEFAULT NULL
) ENGINE=InnoDB DEFAULT CHARSET=utf8mb4 COLLATE=utf8mb4_unicode_ci;

--
-- Dumping data for table `pegawai`
--

INSERT INTO `pegawai` (`id`, `nama`, `gender`, `tempat_lahir`, `tanggal_lahir`, `umur`, `user_id`, `divisi_id`, `foto`, `created_at`, `updated_at`) VALUES
(2, 'Nasrul', 'L', 'Jakarta', '1980-10-10', 43, 4, 11, 'foto-pegawai/01J82CWVSW33QVW22RS9D1NAKX.jpg', '2024-09-18 10:34:20', '2024-09-18 11:04:50'),
(3, 'Slamet Santoso', 'L', 'Bogor', '1993-06-18', 31, 5, 11, 'foto-pegawai/01J8H4DF4HWHFBGZZNVBFT2QPK.jpg', '2024-09-24 04:25:14', '2024-09-24 04:25:14'),
(4, 'Arif Fadillah', 'L', 'Rasau Jaya', '2001-09-18', 23, 6, 11, 'foto-pegawai/01J8H5EMK3PKRS6B553YFP1PJD.jpg', '2024-09-24 04:43:21', '2024-09-24 04:43:21'),
(5, 'Edo Riansyah', 'L', 'Depok', '1990-10-08', 33, 7, 11, 'foto-pegawai/01J8KK0ZST58C80RHP06B5B8RT.jpg', '2024-09-25 03:19:02', '2024-09-25 03:19:02'),
(6, 'Yuliadi', 'L', 'Jakarta', '1986-02-07', 38, 8, 14, 'foto-pegawai/01J8KMWJVS3GMG1QC1D5FK3NCT.png', '2024-09-25 03:51:35', '2024-09-25 03:51:35'),
(7, 'Diah Ayu Astriani', 'P', 'Depok', '1997-08-08', 27, 9, 3, 'foto-pegawai/01J912JPY703TRJ7RB3XFPVDKS.jpg', '2024-09-30 09:00:59', '2024-09-30 09:00:59'),
(8, 'Henry Saptono', 'L', 'Jakarta', '1974-09-07', 50, 10, 11, 'foto-pegawai/01JA4M86EZ9MQCKM64MQZE9WPN.jpg', '2024-10-14 04:23:14', '2024-10-14 04:23:14'),
(9, 'Muhamad Alpian', 'L', 'Jakarta', '1998-04-24', 26, 11, 3, NULL, '2024-10-14 04:40:03', '2024-10-14 04:40:03'),
(10, 'Ujang Redi', 'L', 'Bogor', '1995-05-08', 29, 12, 3, NULL, '2024-10-14 04:41:57', '2024-10-14 04:41:57'),
(11, 'Beni Setiono', 'L', 'Bandung', '1992-10-17', 31, 13, 3, 'foto-pegawai/01JA4NDAGCX5TPX6REDKBT4VXB.jpg', '2024-10-14 04:43:31', '2024-10-14 04:43:31'),
(12, 'Edi Wibowo', 'L', 'Wonosobo', '1976-04-30', 48, 14, 3, 'foto-pegawai/01JAYPAKMC137096V649VTK9N0.jpg', '2024-10-14 04:46:19', '2024-10-24 07:19:46'),
(13, 'Sirojul Munir', 'L', 'Jakarta', '1971-04-14', 53, 15, 10, 'foto-pegawai/01JA6V1NT2MTX0J285VQ40EH6D.jpg', '2024-10-15 01:00:30', '2024-10-15 01:00:30'),
(14, 'Achmad Ilham', 'L', 'Jakarta', '1978-05-04', 46, 16, 15, 'foto-pegawai/01JA6ZKAXR2GTS1FCFVQWW161N.jpg', '2024-10-15 02:20:02', '2024-10-15 02:20:02'),
(15, 'Reza Maulana', 'L', 'Jakarta', '1988-08-27', 36, 17, 8, 'foto-pegawai/01JA70CDTNBNVCD9V9XZYDKH1N.png', '2024-10-15 02:33:45', '2024-10-15 02:33:45'),
(16, 'Sri Defi Mauliddiyawati Isnaeni', 'P', 'Kebumen', '1999-06-26', 25, 18, 8, 'foto-pegawai/01JA70V2QZ5470FN1EH5ENK3YN.png', '2024-10-15 02:37:51', '2024-10-15 02:41:45'),
(17, 'Muhammad Ichwan', 'L', 'Jakarta', '1991-10-31', 32, 19, 12, 'foto-pegawai/01JA724B0G1BNM6XBN7VKEVTPA.png', '2024-10-15 03:04:17', '2024-10-15 03:04:17'),
(18, 'Fathan Mubin', 'L', 'Kuningan', '1997-09-23', 27, 20, 15, 'foto-pegawai/01JA72SZD06V6HABE6Z91A5MTC.jpg', '2024-10-15 03:16:06', '2024-10-15 03:16:06'),
(19, 'Gigih Zhafrans Mukti Luhur', 'L', 'Klaten', '2001-05-30', 23, 21, 15, NULL, '2024-10-15 03:25:56', '2024-10-15 03:56:08'),
(20, 'Daseh Hidayat', 'L', 'Bandung', '1975-05-18', 49, 22, 12, 'foto-pegawai/01JA7BH3RWGWWCD51W7VCR8Z9P.jpg', '2024-10-15 05:48:33', '2024-10-15 05:48:33'),
(21, 'Dhodi Yoga Sahida', 'L', 'Madiun', '2002-02-15', 22, 23, 13, NULL, '2024-10-15 12:30:28', '2024-10-15 12:30:28'),
(22, 'Jodi Al Hadi', 'L', 'Jakarta', '1997-08-27', 27, 24, 13, 'foto-pegawai/01JA82TFDF2DVAXAZVTP2RNNC7.jpg', '2024-10-15 12:35:37', '2024-10-15 12:35:37'),
(23, 'Alipia Salsabilah', 'P', 'Depok', '2002-05-12', 22, 25, 13, NULL, '2024-10-15 12:41:00', '2024-10-15 12:41:20'),
(24, 'Davied Wahyu Wismanindra', 'L', 'pacitan 3 April 85', '1985-04-03', 39, 26, 4, 'foto-pegawai/01JA85NFGS4Y05MNJGW4DRY94T.png', '2024-10-15 13:25:19', '2024-10-15 13:25:19'),
(25, 'Zhihan Fauzia', 'P', 'Bogor', '1993-10-21', 30, 27, 4, NULL, '2024-10-15 13:30:07', '2024-10-15 13:30:07'),
(26, 'Muhamad Teguh Prasetyo', 'L', 'Jakarta', '1991-10-01', 33, 28, 4, NULL, '2024-10-15 13:34:34', '2024-10-15 13:34:34'),
(27, 'Kristi Soemarwanto', 'P', 'Depok', '1993-12-25', 30, 29, 4, NULL, '2024-10-15 13:42:16', '2024-10-15 13:42:16'),
(28, 'Krisna Panji', 'L', 'Bogor', '1995-01-26', 29, 30, 4, 'foto-pegawai/01JA871GPDP8JEXTST7TR4FCGV.png', '2024-10-15 13:49:22', '2024-10-15 13:49:22'),
(29, 'Candra Ayu Lestari', 'P', 'Gunung Kidul', '1994-06-03', 30, 31, 4, NULL, '2024-10-15 13:52:51', '2024-10-15 15:16:32'),
(30, 'Ghina Qonita', 'P', 'Jakarta', '1994-05-02', 30, 32, 4, NULL, '2024-10-15 14:02:28', '2024-10-15 14:02:28'),
(31, 'Dalias', 'L', 'Padang', '1994-06-02', 30, 33, 4, NULL, '2024-10-15 14:27:25', '2024-10-15 14:27:25'),
(32, 'Akhmam Fahmi', 'L', 'Jakarta', '1992-11-24', 31, 34, 10, NULL, '2024-10-16 00:45:37', '2024-10-16 00:45:37'),
(33, 'Sigit Agus Setianto', 'L', 'Jakarta', '1983-08-27', 41, 35, 15, 'foto-pegawai/01JA9TBN98TP5VCWMASGSY5CW2.png', '2024-10-16 04:46:11', '2024-10-16 04:46:11'),
(34, 'Teguh Winarso', 'L', 'Purworejo', '1976-10-15', 48, 36, 3, NULL, '2024-10-16 05:41:23', '2024-10-16 05:41:23'),
(35, 'Navis Heriyanto', 'L', 'Pacitan', '1984-06-10', 40, 37, 3, NULL, '2024-10-16 05:42:33', '2024-10-16 05:42:33'),
(36, 'Akhmad Arip', 'L', 'Tangerang', '1997-06-08', 27, 38, 14, 'foto-pegawai/01JAACBBYSVW5QQ6S6ASPEN5AN.png', '2024-10-16 10:00:36', '2024-10-16 10:00:36'),
(37, 'Yusroni', 'L', 'Kebumen', '1981-12-23', 42, 39, 3, NULL, '2024-10-16 10:21:23', '2024-10-16 10:21:23'),
(38, 'Bambang Triaji', 'L', 'Lampung', '1990-03-03', 34, 40, 15, NULL, '2024-10-16 10:35:41', '2024-10-16 10:35:41'),
(39, 'Ahmad Rio Adriansyah', 'L', 'Pekalongan', '1986-12-13', 37, 41, 2, 'foto-pegawai/01JACVANC65AXMJVM80N3YABGK.jpg', '2024-10-17 09:00:51', '2024-10-17 09:06:24'),
(40, 'Fasyikhatun Maidah', 'P', 'Tegal', '1997-11-18', 26, 42, 9, NULL, '2024-10-18 04:03:24', '2024-10-18 04:03:24'),
(41, 'Hilmia Zahra', 'P', 'Depok', '1999-05-07', 25, 43, 9, NULL, '2024-10-18 04:05:58', '2024-10-18 04:05:58'),
(42, 'Muh. Syaiful Romadhon', 'L', 'Jakarta', '1998-01-22', 26, 44, 9, NULL, '2024-10-18 04:09:32', '2024-10-18 04:09:32'),
(43, 'Silmi Rizqi Ramadhani', 'P', 'Jakarta', '1999-01-16', 25, 45, 4, NULL, '2024-10-21 02:47:16', '2024-10-21 02:47:16'),
(44, 'M. Rifqi Isnan', 'L', 'Jakarta', '1995-07-22', 29, 46, 4, NULL, '2024-10-21 03:03:50', '2024-10-21 03:03:50'),
(45, 'Yatno', 'L', 'Sragen', '1975-12-04', 48, 47, 12, 'foto-pegawai/01JAPHZVYGC4S099W1XKP267B4.jpg', '2024-10-21 03:30:04', '2024-10-21 03:30:04'),
(46, 'Nabila Fajri Syifa Dewi', 'P', 'Jakarta', '2002-04-10', 22, 48, 12, NULL, '2024-10-21 03:38:07', '2024-10-21 03:38:07'),
(47, 'Manto Wiratmoko', 'L', 'Jakarta', '1979-04-04', 45, 49, 12, NULL, '2024-10-21 03:46:35', '2024-10-21 03:46:35'),
(48, 'Hafidz Atamim', 'L', 'Jakarta', '1981-03-13', 43, 50, 14, 'foto-pegawai/01JAPM98R0X2X4GJ83ENWSV41P.png', '2024-10-21 04:10:09', '2024-10-21 04:10:09'),
(49, 'Firdaus Goenawan', 'L', 'Depok', '1979-04-10', 45, 51, 12, NULL, '2024-10-21 04:18:09', '2024-10-21 04:18:09'),
(50, 'Suhendi', 'L', 'Jakarta', '1972-06-06', 52, 52, 2, 'foto-pegawai/01JAPN4YDAJ47QHCM05KQK5TTW.jpg', '2024-10-21 04:25:16', '2024-10-21 04:25:16'),
(51, 'Anjas Hendra', 'L', 'Jakarta', '1976-05-13', 48, 53, 14, NULL, '2024-10-21 04:30:55', '2024-10-21 04:30:55'),
(52, 'Alwi Putra Supendi', 'L', 'Bogor', '2002-08-21', 22, 54, 14, 'foto-pegawai/01JAPXEA7MBZ21X9J9D43JXKH8.png', '2024-10-21 06:50:12', '2024-10-21 06:50:12'),
(53, 'Bambang Triatmaja', 'L', 'Jakarta', '2001-07-23', 23, 55, 14, NULL, '2024-10-21 07:01:10', '2024-10-21 07:01:10'),
(54, 'Ahmad Ridwan', 'L', 'Jakarta', '1985-01-17', 39, 56, 3, NULL, '2024-10-21 07:10:47', '2024-10-21 07:10:47'),
(55, 'Ahmad Supandi', 'L', 'Depok', '1972-04-02', 52, 57, 3, NULL, '2024-10-21 07:36:46', '2024-10-21 07:36:46'),
(56, 'Arif Rahman Hakim', 'L', 'Jakarta', '1996-09-01', 28, 58, 3, NULL, '2024-10-21 07:42:56', '2024-10-21 07:42:56'),
(57, 'Asmadi', 'L', 'Jakarta', '1971-06-13', 53, 59, 3, NULL, '2024-10-21 07:50:40', '2024-10-21 07:50:40'),
(58, 'Deni Susanto', 'L', 'Jakarta', '1984-07-03', 40, 60, 3, NULL, '2024-10-21 07:57:29', '2024-10-21 07:57:29'),
(59, 'Erdi Destariyandi', 'L', 'Jakarta', '1991-12-26', 32, 61, 3, NULL, '2024-10-21 08:22:40', '2024-10-21 08:22:40'),
(60, 'Noviandi Sardi', 'L', 'Jakarta', '1991-09-26', 33, 62, 3, NULL, '2024-10-21 08:28:48', '2024-10-21 08:28:48'),
(61, 'Eka Rahayu', 'P', 'Jakarta', '1998-08-24', 26, 63, 5, NULL, '2024-10-21 08:38:25', '2024-10-21 08:38:25'),
(62, 'Kristefani', 'P', 'Jakarta', '1998-06-04', 26, 64, 5, NULL, '2024-10-21 08:44:11', '2024-10-21 08:44:11'),
(63, 'Yuliana', 'P', 'Padang', '1994-07-28', 30, 65, 5, NULL, '2024-10-21 08:49:09', '2024-10-21 08:49:09'),
(64, 'Lukman Rosyidi', 'L', 'Jakarta', '1978-11-11', 45, 66, 1, 'foto-pegawai/01JAQ4TW3NEXMEC74SHXMR3XME.jpg', '2024-10-21 08:59:23', '2024-10-21 08:59:23'),
(65, 'Laisa Nurin Mentari', 'P', 'Jakarta', '1992-01-26', 32, 67, 2, 'foto-pegawai/01JAQ5FCTDW8PHTWCCNEQK9XW7.png', '2024-10-21 09:10:36', '2024-10-21 09:10:36'),
(66, 'Farras Syafira Susilo', 'P', 'Padang', '1999-11-08', 24, 68, 2, NULL, '2024-10-25 10:54:58', '2024-10-25 10:54:58'),
(67, 'Endang Siti Suwarni', 'P', 'Purworejo', '1976-09-05', 48, 69, 3, NULL, '2024-10-25 11:27:49', '2024-10-25 11:27:49'),
(68, 'Fiqri Ramdani', 'L', 'Jakarta', '2001-12-12', 22, 70, 3, NULL, '2024-10-25 11:43:00', '2024-10-25 11:43:00'),
(69, 'Lina Guslina', 'P', 'Jakarta', '1994-08-07', 30, 71, 3, NULL, '2024-10-25 11:51:13', '2024-10-25 11:51:13'),
(70, 'M. Andy Kurniawan', 'L', 'Bandung', '1971-01-21', 53, 72, 3, NULL, '2024-10-25 11:59:14', '2024-10-25 11:59:14'),
(71, 'Muhamad Fahroji', 'L', 'Jakarta', '1996-08-22', 28, 73, 3, NULL, '2024-10-25 12:04:24', '2024-10-25 12:04:24'),
(72, 'Rika Febrina', 'P', 'Padang', '1983-02-10', 41, 74, 3, NULL, '2024-10-28 01:36:03', '2024-10-28 01:36:03'),
(73, 'Samsudin', 'L', 'Jakarta', '1984-04-29', 40, 75, 3, NULL, '2024-10-28 01:44:49', '2024-10-28 01:44:49'),
(74, 'Miftahussaadah Putri Sidiq', 'P', 'Jakarta', '1999-02-12', 25, 76, 10, 'foto-pegawai/01JB965A7W2N42MA092RXVZYJ0.jpg', '2024-10-28 09:08:54', '2024-10-28 09:08:54'),
(75, 'Amalia', 'P', 'Jakarta', '1990-04-17', 34, 77, 3, NULL, '2024-10-28 09:35:05', '2024-10-28 09:35:05'),
(76, 'Farhan Fathurrohman Hafizhin', 'L', 'Bogor', '1987-06-12', 37, 78, 14, NULL, '2024-10-28 10:47:16', '2024-10-28 10:47:16'),
(77, 'Shelly Pramudiawardhani', 'P', 'Jakarta', '1991-09-24', 33, 79, 2, 'foto-pegawai/01JB9EZ3439AK0Z3V08X3C6YE7.jpg', '2024-10-28 11:42:47', '2024-10-28 11:42:47'),
(78, 'Salman Fathy Shiroth', 'L', 'Depok', '1984-03-13', 40, 80, 2, NULL, '2024-10-28 11:50:17', '2024-10-28 11:50:17');

-- --------------------------------------------------------

--
-- Table structure for table `periode`
--

CREATE TABLE `periode` (
  `id` bigint(20) UNSIGNED NOT NULL,
  `nama` varchar(255) NOT NULL,
  `tahun` varchar(255) NOT NULL,
  `created_at` timestamp NULL DEFAULT NULL,
  `updated_at` timestamp NULL DEFAULT NULL
) ENGINE=InnoDB DEFAULT CHARSET=utf8mb4 COLLATE=utf8mb4_unicode_ci;

--
-- Dumping data for table `periode`
--

INSERT INTO `periode` (`id`, `nama`, `tahun`, `created_at`, `updated_at`) VALUES
(1, 'Term 1', '2023', '2024-09-18 11:27:55', '2024-09-18 11:27:55'),
(2, 'Term 2', '2024', '2024-09-18 11:28:38', '2024-09-18 11:28:38');

-- --------------------------------------------------------

--
-- Table structure for table `permissions`
--

CREATE TABLE `permissions` (
  `id` bigint(20) UNSIGNED NOT NULL,
  `name` varchar(255) NOT NULL,
  `guard_name` varchar(255) NOT NULL,
  `created_at` timestamp NULL DEFAULT NULL,
  `updated_at` timestamp NULL DEFAULT NULL
) ENGINE=InnoDB DEFAULT CHARSET=utf8mb4 COLLATE=utf8mb4_unicode_ci;

--
-- Dumping data for table `permissions`
--

INSERT INTO `permissions` (`id`, `name`, `guard_name`, `created_at`, `updated_at`) VALUES
(15, 'view-any Permission', 'web', '2024-09-18 07:03:48', '2024-09-18 07:03:48'),
(16, 'view Permission', 'web', '2024-09-18 07:03:48', '2024-09-18 07:03:48'),
(17, 'create Permission', 'web', '2024-09-18 07:03:48', '2024-09-18 07:03:48'),
(18, 'update Permission', 'web', '2024-09-18 07:03:48', '2024-09-18 07:03:48'),
(19, 'delete Permission', 'web', '2024-09-18 07:03:48', '2024-09-18 07:03:48'),
(20, 'force-delete Permission', 'web', '2024-09-18 07:03:48', '2024-09-18 07:03:48'),
(21, 'restore Permission', 'web', '2024-09-18 07:03:48', '2024-09-18 07:03:48'),
(22, 'view-any Role', 'web', '2024-09-18 07:03:48', '2024-09-18 07:03:48'),
(23, 'view Role', 'web', '2024-09-18 07:03:48', '2024-09-18 07:03:48'),
(24, 'create Role', 'web', '2024-09-18 07:03:48', '2024-09-18 07:03:48'),
(25, 'update Role', 'web', '2024-09-18 07:03:48', '2024-09-18 07:03:48'),
(26, 'delete Role', 'web', '2024-09-18 07:03:48', '2024-09-18 07:03:48'),
(27, 'force-delete Role', 'web', '2024-09-18 07:03:48', '2024-09-18 07:03:48'),
(28, 'restore Role', 'web', '2024-09-18 07:03:48', '2024-09-18 07:03:48');

-- --------------------------------------------------------

--
-- Table structure for table `personal_access_tokens`
--

CREATE TABLE `personal_access_tokens` (
  `id` bigint(20) UNSIGNED NOT NULL,
  `tokenable_type` varchar(255) NOT NULL,
  `tokenable_id` bigint(20) UNSIGNED NOT NULL,
  `name` varchar(255) NOT NULL,
  `token` varchar(64) NOT NULL,
  `abilities` text DEFAULT NULL,
  `last_used_at` timestamp NULL DEFAULT NULL,
  `expires_at` timestamp NULL DEFAULT NULL,
  `created_at` timestamp NULL DEFAULT NULL,
  `updated_at` timestamp NULL DEFAULT NULL
) ENGINE=InnoDB DEFAULT CHARSET=utf8mb4 COLLATE=utf8mb4_unicode_ci;

-- --------------------------------------------------------

--
-- Table structure for table `rekomendasi`
--

CREATE TABLE `rekomendasi` (
  `id` bigint(20) UNSIGNED NOT NULL,
  `nama_pemeriksaan` varchar(255) NOT NULL,
  `status` enum('Rendah','Normal','Tinggi') NOT NULL,
  `rekomendasi_status` text DEFAULT NULL,
  `created_at` timestamp NULL DEFAULT NULL,
  `updated_at` timestamp NULL DEFAULT NULL
) ENGINE=InnoDB DEFAULT CHARSET=utf8mb4 COLLATE=utf8mb4_unicode_ci;

--
-- Dumping data for table `rekomendasi`
--

INSERT INTO `rekomendasi` (`id`, `nama_pemeriksaan`, `status`, `rekomendasi_status`, `created_at`, `updated_at`) VALUES
(1, 'Asam Urat', 'Rendah', '<h3><strong>Rekomendasi Asam Urat Rendah</strong></h3><ul><li><strong>Kebugaran Fisik:</strong><ul><li>Tingkatkan aktivitas fisik secara bertahap, seperti berjalan kaki atau yoga untuk memperbaiki metabolisme tubuh.</li><li>Lakukan latihan kekuatan dan fleksibilitas untuk menjaga keseimbangan fisik.</li><li>Pastikan tubuh terhidrasi dengan cukup untuk membantu kinerja ginjal.</li></ul></li><li><strong>Gizi:</strong><ul><li>Konsumsi makanan yang kaya protein seperti telur, daging tanpa lemak, dan produk susu rendah lemak untuk meningkatkan asupan protein.</li><li>Hindari makanan yang terlalu tinggi serat, karena dapat menurunkan kadar asam urat lebih lanjut.</li><li>Sertakan buah-buahan dan sayuran yang kaya vitamin C seperti jeruk, stroberi, dan brokoli.</li></ul></li></ul><p><br></p>', '2024-09-23 06:52:55', '2024-10-21 05:18:53'),
(2, 'Asam Urat', 'Normal', '<h3><strong>Rekomendasi Asam Urat Normal</strong></h3><ul><li><strong>Kebugaran Fisik:</strong><ul><li>Pertahankan kebiasaan olahraga teratur seperti aerobik, lari, atau berenang setidaknya 150 menit per minggu.</li><li>Lakukan latihan beban untuk memperkuat otot dan menjaga kebugaran kardiovaskular.</li><li>Tetap terhidrasi dan lakukan peregangan untuk menjaga kelenturan tubuh.</li></ul></li><li><strong>Gizi:</strong><ul><li>Jaga pola makan seimbang dengan konsumsi protein nabati dan hewani yang cukup.</li><li>Konsumsi karbohidrat kompleks dari biji-bijian, serta makanan yang kaya akan antioksidan seperti sayuran berdaun hijau dan buah-buahan.</li><li>Hindari makanan tinggi purin seperti jeroan, daging merah, dan makanan laut secara berlebihan.</li></ul></li></ul><p><br></p>', '2024-09-23 06:52:55', '2024-10-21 06:20:30'),
(3, 'Asam Urat', 'Tinggi', '<h3><strong>Rekomendasi Asam Urat Tinggi</strong></h3><ul><li><strong>Kebugaran Fisik:</strong><ul><li>Hindari latihan fisik yang terlalu berat yang dapat memicu peningkatan kadar asam urat.</li><li>Lakukan aktivitas fisik ringan seperti jalan santai, berenang, atau bersepeda untuk menjaga kebugaran tanpa membebani tubuh.</li><li>Fokus pada teknik pernapasan dan relaksasi seperti meditasi untuk mengurangi stres.</li></ul></li><li><strong>Gizi:</strong><ul><li>Batasi konsumsi makanan tinggi purin seperti daging merah, ikan teri, hati, serta makanan laut lainnya.</li><li>Perbanyak konsumsi buah-buahan seperti ceri dan stroberi, yang dapat membantu menurunkan kadar asam urat.</li><li>Kurangi konsumsi minuman beralkohol, terutama bir, serta minuman manis yang dapat memperburuk kadar asam urat.</li></ul></li></ul><p><br></p>', '2024-09-23 06:52:55', '2024-10-21 06:20:11'),
(4, 'Kolesterol', 'Rendah', '<h3><strong>Rekomendasi Kolesterol Rendah</strong></h3><ul><li><strong>Kebugaran Fisik:</strong><ul><li>Lakukan olahraga intensitas ringan hingga sedang, seperti berjalan kaki, bersepeda, atau berenang secara teratur.</li><li>Hindari latihan fisik yang terlalu intens jika merasa lemas, karena kolesterol yang terlalu rendah bisa mempengaruhi energi tubuh.</li><li>Tambahkan latihan kekuatan untuk menjaga otot dan membantu metabolisme tubuh.</li></ul></li><li><strong>Gizi:</strong><ul><li>Perbanyak konsumsi lemak sehat dari sumber seperti alpukat, kacang-kacangan, biji-bijian, dan minyak zaitun.</li><li>Sertakan lebih banyak protein hewani seperti telur, ayam tanpa kulit, dan ikan untuk menjaga kadar kolesterol dalam batas optimal.</li><li>Hindari diet rendah lemak ekstrem karena tubuh membutuhkan lemak sehat untuk fungsi penting seperti produksi hormon.</li></ul></li></ul><p><br></p>', '2024-09-23 06:52:55', '2024-10-21 06:33:56'),
(5, 'Kolesterol', 'Normal', '<h3><strong>Rekomendasi Kolesterol Normal</strong></h3><ul><li><strong>Kebugaran Fisik:</strong><ul><li>Pertahankan kebiasaan olahraga minimal 150 menit per minggu, dengan variasi antara latihan aerobik dan latihan kekuatan.</li><li>Tambahkan latihan kardiovaskular seperti lari, berenang, atau bersepeda untuk menjaga kebugaran jantung dan pembuluh darah.</li><li>Lakukan peregangan dan yoga untuk meningkatkan fleksibilitas dan mengurangi stres.</li></ul></li><li><strong>Gizi:</strong><ul><li>Konsumsi diet seimbang dengan lemak sehat seperti omega-3 dari ikan salmon, sarden, dan chia seeds untuk menjaga keseimbangan kolesterol baik (HDL) dan jahat (LDL).</li><li>Sertakan serat larut yang berasal dari oatmeal, apel, kacang-kacangan, dan sayuran untuk membantu mengontrol kadar kolesterol.</li><li>Batasi asupan lemak trans dan lemak jenuh yang dapat ditemukan dalam makanan cepat saji dan makanan olahan.</li></ul></li></ul><p><br></p>', '2024-09-23 06:52:55', '2024-10-21 06:34:48'),
(6, 'Kolesterol', 'Tinggi', '<h3><strong>Rekomendasi Kolesterol Total Tinggi</strong></h3><ul><li><strong>Kebugaran Fisik:</strong><ul><li>Tingkatkan aktivitas fisik secara bertahap, terutama latihan kardiovaskular seperti jalan cepat, berlari, atau berenang untuk menurunkan kadar kolesterol LDL.</li><li>Lakukan latihan kekuatan setidaknya dua kali seminggu untuk meningkatkan metabolisme dan kesehatan jantung.</li><li>Perhatikan intensitas latihan dan lakukan secara konsisten untuk mendapatkan hasil terbaik dalam menurunkan kadar kolesterol.</li></ul></li><li><strong>Gizi:</strong><ul><li>Batasi konsumsi makanan tinggi lemak jenuh seperti daging merah, produk susu berlemak penuh, mentega, dan makanan olahan.</li><li>Perbanyak konsumsi serat larut, seperti yang ditemukan pada buah-buahan, sayuran, kacang-kacangan, dan biji-bijian utuh, untuk membantu mengikat kolesterol dalam usus dan mengurangi penyerapannya.</li><li>Konsumsi lebih banyak makanan tinggi omega-3 seperti ikan berlemak (salmon, mackerel), kacang kenari, dan minyak ikan untuk meningkatkan kadar kolesterol baik (HDL).</li><li>Hindari makanan tinggi gula dan karbohidrat olahan, karena dapat meningkatkan kadar trigliserida yang seringkali terkait dengan kolesterol tinggi.</li></ul></li></ul><p><br></p>', '2024-09-23 06:52:55', '2024-10-21 06:35:35'),
(7, 'Tekanan Darah', 'Rendah', '<h3><strong>Rekomedasi Tekanan Darah Rendah (Hipotensi)</strong></h3><ul><li><strong>Kebugaran Fisik:</strong><ul><li>Hindari olahraga yang memerlukan perubahan posisi cepat seperti berdiri tiba-tiba, karena dapat menyebabkan pusing.</li><li>Fokus pada aktivitas fisik ringan hingga sedang seperti jalan kaki, yoga, atau bersepeda santai.</li><li>Pastikan tubuh tetap terhidrasi, terutama saat berolahraga, untuk membantu meningkatkan tekanan darah.</li></ul></li><li><strong>Gizi:</strong><ul><li>Perbanyak asupan garam dalam jumlah yang wajar untuk membantu meningkatkan tekanan darah (konsultasikan dengan dokter).</li><li>Konsumsi makanan yang kaya elektrolit seperti pisang, alpukat, bayam, dan air kelapa untuk menjaga keseimbangan cairan.</li><li>Minum air putih yang cukup sepanjang hari, karena dehidrasi dapat memperburuk kondisi tekanan darah rendah.</li><li>Konsumsi makanan kaya protein dan karbohidrat kompleks dalam jumlah yang cukup untuk mendukung stabilitas tekanan darah.</li></ul></li></ul><p><br></p>', '2024-09-23 06:52:55', '2024-10-21 06:39:50'),
(8, 'Tekanan Darah', 'Normal', '<h3><strong>Rekomendasi Tekanan Darah Normal</strong></h3><ul><li><strong>Kebugaran Fisik:</strong><ul><li>Pertahankan rutinitas olahraga yang teratur seperti aerobik, jalan cepat, bersepeda, atau berenang selama 150 menit per minggu untuk menjaga kesehatan jantung.</li><li>Lakukan latihan kekuatan (resistance training) untuk memperkuat otot dan menjaga tekanan darah tetap stabil.</li><li>Tambahkan peregangan dan yoga untuk meningkatkan fleksibilitas dan relaksasi, serta mengurangi stres.</li></ul></li><li><strong>Gizi:</strong><ul><li>Pertahankan pola makan sehat dengan asupan rendah garam untuk menjaga tekanan darah dalam batas normal.</li><li>Konsumsi banyak buah, sayuran, biji-bijian, dan makanan kaya kalium (pisang, tomat, kentang) yang dapat membantu menjaga keseimbangan tekanan darah.</li><li>Hindari makanan olahan dan tinggi lemak jenuh yang dapat berdampak buruk pada kesehatan jantung dalam jangka panjang.</li><li>Tetap terhidrasi dan batasi konsumsi kafein dan alkohol berlebih yang dapat memengaruhi tekanan darah.</li></ul></li></ul><p><br></p>', '2024-09-23 06:52:55', '2024-10-21 06:41:21'),
(9, 'Tekanan Darah', 'Tinggi', '<h3><strong>Rekomendasi Tekanan Darah Tinggi (Hipertensi)</strong></h3><ul><li><strong>Kebugaran Fisik:</strong><ul><li>Fokus pada aktivitas kardiovaskular seperti jalan cepat, berlari, berenang, atau bersepeda untuk membantu menurunkan tekanan darah.</li><li>Lakukan olahraga setidaknya 30 menit per hari, lima hari seminggu, atau total 150 menit per minggu.</li><li>Hindari olahraga yang terlalu intens secara mendadak. Lakukan pemanasan dan pendinginan dengan baik untuk menjaga kestabilan tekanan darah.</li><li>Lakukan latihan pernapasan dan teknik relaksasi untuk membantu mengurangi stres, yang berkontribusi pada tekanan darah tinggi.</li></ul></li><li><strong>Gizi:</strong><ul><li>Batasi asupan garam secara signifikan, dengan maksimal sekitar 1.500-2.300 mg per hari, untuk membantu menurunkan tekanan darah.</li><li>Konsumsi makanan kaya kalium, magnesium, dan kalsium seperti buah-buahan (pisang, jeruk), sayuran hijau, kacang-kacangan, dan yogurt rendah lemak untuk menetralkan efek garam.</li><li>Kurangi konsumsi makanan tinggi lemak jenuh, gula tambahan, dan makanan olahan yang dapat memperburuk kondisi hipertensi.</li><li>Perbanyak konsumsi makanan yang kaya serat, seperti gandum utuh, sayuran hijau, buah-buahan, dan kacang-kacangan untuk menjaga kesehatan jantung dan pembuluh darah.</li><li>Hindari alkohol berlebihan dan batasi kafein, karena keduanya dapat meningkatkan tekanan darah.</li></ul></li></ul><p><br></p>', '2024-09-23 06:52:55', '2024-10-21 06:42:14'),
(10, 'Gula Darah', 'Rendah', '<h3><strong>Rekomendasi Gula Darah Rendah (Hipoglikemia)</strong></h3><ul><li><strong>Kebugaran Fisik:</strong><ul><li>Hindari olahraga intensitas tinggi ketika kadar gula darah rendah, karena dapat memicu pusing atau lemas.</li><li>Pilih aktivitas fisik ringan seperti berjalan kaki atau yoga untuk menjaga kebugaran tubuh tanpa menurunkan gula darah terlalu drastis.</li><li>Pastikan selalu membawa camilan sehat yang dapat dengan cepat meningkatkan kadar gula darah, seperti buah atau jus.</li></ul></li><li><strong>Gizi:</strong><ul><li>Konsumsi makanan yang mengandung karbohidrat kompleks seperti roti gandum, nasi merah, dan oatmeal untuk menjaga kestabilan gula darah.</li><li>Makan lebih sering dalam porsi kecil (setiap 3-4 jam) untuk mencegah penurunan kadar gula darah.</li><li>Hindari makanan tinggi gula sederhana yang dapat menyebabkan lonjakan gula darah diikuti dengan penurunan cepat, seperti permen atau minuman manis.</li></ul></li></ul><p><br></p>', '2024-09-23 06:52:55', '2024-10-21 06:38:11'),
(11, 'Gula Darah', 'Normal', '<h3><strong>Rekomendasi Gula Darah Normal</strong></h3><ul><li><strong>Kebugaran Fisik:</strong><ul><li>Lakukan olahraga aerobik seperti lari, berenang, bersepeda, atau jalan cepat setidaknya 150 menit per minggu untuk menjaga kebugaran dan sensitivitas insulin.</li><li>Tambahkan latihan kekuatan (weightlifting) untuk membantu meningkatkan metabolisme glukosa di otot dan menjaga gula darah tetap stabil.</li><li>Pastikan untuk selalu melakukan peregangan dan pemanasan sebelum berolahraga.</li></ul></li><li><strong>Gizi:</strong><ul><li>Pertahankan pola makan seimbang yang kaya akan serat dari sayuran, buah-buahan, dan biji-bijian utuh untuk menjaga kestabilan kadar gula darah.</li><li>Konsumsi protein berkualitas dari sumber seperti ikan, ayam tanpa kulit, kacang-kacangan, dan produk susu rendah lemak.</li><li>Hindari makanan tinggi gula tambahan dan karbohidrat olahan, seperti kue, permen, dan minuman soda, untuk mencegah fluktuasi kadar gula darah.</li></ul></li></ul><p><br></p>', '2024-09-23 06:52:55', '2024-10-21 06:37:44'),
(12, 'Gula Darah', 'Tinggi', '<h3><strong>Rekomendasi Gula Darah Tinggi (Hiperglikemia)</strong></h3><ul><li><strong>Kebugaran Fisik:</strong><ul><li>Lakukan aktivitas fisik secara teratur seperti jalan kaki, jogging, atau bersepeda, yang dapat membantu menurunkan kadar gula darah.</li><li>Tambahkan latihan kekuatan, seperti angkat beban, untuk membantu meningkatkan sensitivitas insulin dan menurunkan kadar gula darah.</li><li>Mulailah dengan olahraga ringan hingga sedang dan tingkatkan intensitasnya secara bertahap, sambil memantau kadar gula darah sebelum dan sesudah aktivitas fisik.</li></ul></li><li><strong>Gizi:</strong><ul><li>Batasi asupan karbohidrat sederhana seperti nasi putih, roti putih, dan makanan manis. Sebagai gantinya, pilih karbohidrat kompleks dari sumber seperti nasi merah, quinoa, dan gandum utuh.</li><li>Konsumsi makanan yang kaya serat seperti sayuran hijau, kacang-kacangan, dan buah-buahan rendah indeks glikemik (apel, pir, beri) untuk membantu mengontrol kadar gula darah.</li><li>Hindari minuman manis dan gula tambahan yang dapat memperburuk kadar gula darah.</li><li>Pilih lemak sehat seperti minyak zaitun, alpukat, dan ikan berlemak (salmon, tuna) yang dapat membantu mengontrol kadar gula darah dan menjaga kesehatan jantung.</li></ul></li></ul><p><br></p>', '2024-09-23 06:52:55', '2024-10-21 06:37:09');

-- --------------------------------------------------------

--
-- Table structure for table `roles`
--

CREATE TABLE `roles` (
  `id` bigint(20) UNSIGNED NOT NULL,
  `name` varchar(255) NOT NULL,
  `guard_name` varchar(255) NOT NULL,
  `created_at` timestamp NULL DEFAULT NULL,
  `updated_at` timestamp NULL DEFAULT NULL
) ENGINE=InnoDB DEFAULT CHARSET=utf8mb4 COLLATE=utf8mb4_unicode_ci;

--
-- Dumping data for table `roles`
--

INSERT INTO `roles` (`id`, `name`, `guard_name`, `created_at`, `updated_at`) VALUES
(3, 'Super Admin', 'web', '2024-09-18 07:03:48', '2024-09-18 07:03:48'),
(4, 'Pegawai', 'web', '2024-09-18 07:03:48', '2024-09-18 07:03:48');

-- --------------------------------------------------------

--
-- Table structure for table `role_has_permissions`
--

CREATE TABLE `role_has_permissions` (
  `permission_id` bigint(20) UNSIGNED NOT NULL,
  `role_id` bigint(20) UNSIGNED NOT NULL
) ENGINE=InnoDB DEFAULT CHARSET=utf8mb4 COLLATE=utf8mb4_unicode_ci;

-- --------------------------------------------------------

--
-- Table structure for table `social_provider_user`
--

CREATE TABLE `social_provider_user` (
  `user_id` bigint(20) UNSIGNED NOT NULL,
  `provider_slug` varchar(255) NOT NULL,
  `provider_user_id` varchar(255) NOT NULL,
  `nickname` varchar(255) DEFAULT NULL,
  `name` varchar(255) DEFAULT NULL,
  `email` varchar(255) DEFAULT NULL,
  `avatar` varchar(255) DEFAULT NULL,
  `provider_data` text DEFAULT NULL,
  `token` varchar(255) NOT NULL,
  `refresh_token` varchar(255) DEFAULT NULL,
  `token_expires_at` timestamp NULL DEFAULT NULL,
  `created_at` timestamp NULL DEFAULT NULL,
  `updated_at` timestamp NULL DEFAULT NULL
) ENGINE=InnoDB DEFAULT CHARSET=utf8mb4 COLLATE=utf8mb4_unicode_ci;

--
-- Dumping data for table `social_provider_user`
--

INSERT INTO `social_provider_user` (`user_id`, `provider_slug`, `provider_user_id`, `nickname`, `name`, `email`, `avatar`, `provider_data`, `token`, `refresh_token`, `token_expires_at`, `created_at`, `updated_at`) VALUES
(4, 'google', '110534965150790572410', NULL, 'nasrul', 'nasrul@nurulfikri.ac.id', 'https://lh3.googleusercontent.com/a/ACg8ocIQIjJ8NwowEDB8vt10hUH48x1daB5UQDMJiRTbj6nd_gTmRHQ=s96-c', '\"{\\\"sub\\\":\\\"110534965150790572410\\\",\\\"name\\\":\\\"nasrul\\\",\\\"given_name\\\":\\\"nasrul\\\",\\\"picture\\\":\\\"https:\\\\\\/\\\\\\/lh3.googleusercontent.com\\\\\\/a\\\\\\/ACg8ocIQIjJ8NwowEDB8vt10hUH48x1daB5UQDMJiRTbj6nd_gTmRHQ=s96-c\\\",\\\"email\\\":\\\"nasrul@nurulfikri.ac.id\\\",\\\"email_verified\\\":true,\\\"hd\\\":\\\"nurulfikri.ac.id\\\",\\\"id\\\":\\\"110534965150790572410\\\",\\\"verified_email\\\":true,\\\"link\\\":null}\"', 'ya29.a0AcM612zF8zkhlAzV3BvK9JofSqKoPlj3KDxDjbWUfhJGhYlWTp8CPy6dRV5feaOrH4Y1EKSFEmUkxW9gW9txZVZM0nZJhQ29dp00_LqgilkXWGdWloyATch6S-rd0-wwCy8tCmR8V4PcqEorpr2inGkpcm8Hwk9xRAAaCgYKAWoSARMSFQHGX2MiTVB0xLpuJ70CbR5SYf1QzQ0170', NULL, '2024-09-18 10:30:04', '2024-09-18 09:30:09', '2024-09-18 09:30:09');

-- --------------------------------------------------------

--
-- Table structure for table `tekanan_darah`
--

CREATE TABLE `tekanan_darah` (
  `id` bigint(20) UNSIGNED NOT NULL,
  `periode_id` bigint(20) UNSIGNED NOT NULL,
  `tanggal` date NOT NULL,
  `pegawai_id` bigint(20) UNSIGNED NOT NULL,
  `sistole` int(11) NOT NULL,
  `diastole` int(11) NOT NULL,
  `status` enum('Rendah','Normal','Tinggi') NOT NULL,
  `rekomendasi_id` bigint(20) UNSIGNED DEFAULT NULL,
  `created_at` timestamp NULL DEFAULT NULL,
  `updated_at` timestamp NULL DEFAULT NULL
) ENGINE=InnoDB DEFAULT CHARSET=utf8mb4 COLLATE=utf8mb4_unicode_ci;

--
-- Dumping data for table `tekanan_darah`
--

INSERT INTO `tekanan_darah` (`id`, `periode_id`, `tanggal`, `pegawai_id`, `sistole`, `diastole`, `status`, `rekomendasi_id`, `created_at`, `updated_at`) VALUES
(1, 1, '2023-09-01', 3, 114, 77, 'Normal', 8, '2024-09-26 04:35:58', '2024-09-26 04:35:58'),
(2, 2, '2024-04-23', 3, 109, 80, 'Tinggi', 9, '2024-09-26 04:40:06', '2024-09-26 04:42:46'),
(3, 2, '2024-04-23', 2, 164, 110, 'Tinggi', 9, '2024-09-30 08:22:34', '2024-09-30 08:22:34'),
(4, 1, '2024-09-01', 4, 153, 98, 'Tinggi', 9, '2024-10-10 07:49:51', '2024-10-10 07:49:51'),
(5, 1, '2024-09-01', 5, 157, 81, 'Tinggi', 9, '2024-10-10 07:51:42', '2024-10-10 07:51:42'),
(6, 1, '2024-09-01', 6, 140, 80, 'Tinggi', 9, '2024-10-10 07:53:52', '2024-10-10 07:53:52'),
(7, 1, '2023-09-01', 7, 90, 64, 'Normal', 8, '2024-10-10 08:15:34', '2024-10-10 08:15:34'),
(8, 1, '2023-04-01', 8, 136, 96, 'Tinggi', 9, '2024-10-14 04:30:28', '2024-10-14 04:30:28'),
(9, 2, '2024-04-23', 8, 129, 103, 'Tinggi', 9, '2024-10-14 04:30:58', '2024-10-14 04:30:58'),
(10, 1, '2024-09-01', 9, 125, 59, 'Tinggi', 9, '2024-10-14 06:22:22', '2024-10-14 06:22:22'),
(11, 2, '2024-04-23', 9, 115, 89, 'Tinggi', 9, '2024-10-14 06:22:51', '2024-10-14 06:22:51'),
(12, 1, '2023-09-01', 10, 133, 83, 'Tinggi', 9, '2024-10-14 06:33:58', '2024-10-14 06:33:58'),
(13, 2, '2024-04-23', 10, 124, 79, 'Tinggi', 9, '2024-10-14 06:34:24', '2024-10-14 06:34:24'),
(14, 1, '2023-09-01', 11, 150, 95, 'Tinggi', 9, '2024-10-14 06:42:25', '2024-10-14 06:42:25'),
(15, 1, '2023-09-01', 12, 134, 84, 'Tinggi', 9, '2024-10-14 06:56:20', '2024-10-14 06:56:20'),
(16, 2, '2024-04-23', 12, 131, 90, 'Tinggi', 9, '2024-10-14 06:56:48', '2024-10-14 06:56:48'),
(17, 1, '2023-09-01', 13, 132, 79, 'Tinggi', 9, '2024-10-15 01:06:46', '2024-10-15 01:06:46'),
(18, 2, '2024-04-23', 13, 129, 91, 'Tinggi', 9, '2024-10-15 01:07:16', '2024-10-15 01:07:16'),
(19, 1, '2023-09-01', 14, 132, 88, 'Tinggi', 9, '2024-10-15 02:24:06', '2024-10-15 02:24:06'),
(20, 2, '2024-04-23', 14, 131, 84, 'Tinggi', 9, '2024-10-15 02:24:27', '2024-10-15 02:24:27'),
(21, 1, '2023-09-01', 15, 121, 84, 'Tinggi', 9, '2024-10-15 02:44:44', '2024-10-15 02:44:44'),
(22, 2, '2024-04-23', 15, 124, 87, 'Tinggi', 9, '2024-10-15 02:45:17', '2024-10-15 02:45:17'),
(23, 1, '2023-09-01', 16, 96, 93, 'Tinggi', 9, '2024-10-15 02:53:41', '2024-10-15 02:53:41'),
(24, 2, '2024-04-23', 16, 102, 79, 'Normal', 8, '2024-10-15 02:54:04', '2024-10-15 02:54:04'),
(25, 1, '2023-09-01', 17, 137, 87, 'Tinggi', 9, '2024-10-15 03:07:50', '2024-10-15 03:07:50'),
(26, 2, '2024-04-23', 17, 134, 97, 'Tinggi', 9, '2024-10-15 03:08:13', '2024-10-15 03:08:13'),
(27, 1, '2023-09-01', 18, 96, 67, 'Normal', 8, '2024-10-15 03:20:15', '2024-10-15 03:20:15'),
(28, 2, '2024-04-23', 18, 107, 76, 'Normal', 8, '2024-10-15 03:20:34', '2024-10-15 03:20:34'),
(29, 1, '2023-09-01', 19, 116, 84, 'Tinggi', 9, '2024-10-15 03:29:29', '2024-10-15 03:29:29'),
(30, 2, '2024-04-23', 19, 127, 76, 'Tinggi', 9, '2024-10-15 03:29:49', '2024-10-15 03:29:49'),
(31, 1, '2023-09-01', 20, 122, 81, 'Tinggi', 9, '2024-10-15 06:04:42', '2024-10-15 06:04:42'),
(32, 2, '2024-04-23', 20, 140, 94, 'Tinggi', 9, '2024-10-15 06:05:03', '2024-10-15 06:05:03'),
(33, 2, '2024-04-23', 5, 131, 91, 'Tinggi', 9, '2024-10-15 08:18:08', '2024-10-15 08:18:08'),
(34, 2, '2024-04-23', 21, 125, 80, 'Tinggi', 9, '2024-10-15 12:51:52', '2024-10-15 12:51:52'),
(35, 1, '2023-09-01', 22, 119, 80, 'Tinggi', 9, '2024-10-15 13:03:25', '2024-10-15 13:03:25'),
(36, 2, '2024-04-23', 22, 118, 91, 'Tinggi', 9, '2024-10-15 13:03:50', '2024-10-15 13:03:50'),
(37, 2, '2024-04-23', 23, 129, 91, 'Tinggi', 9, '2024-10-15 13:15:01', '2024-10-15 13:15:01'),
(38, 1, '2023-09-01', 24, 136, 83, 'Tinggi', 9, '2024-10-15 14:37:49', '2024-10-15 14:37:49'),
(39, 2, '2024-04-23', 24, 130, 92, 'Tinggi', 9, '2024-10-15 14:38:14', '2024-10-15 14:38:14'),
(40, 1, '2023-09-01', 25, 98, 77, 'Normal', 8, '2024-10-15 14:57:38', '2024-10-15 14:57:38'),
(41, 2, '2024-04-23', 25, 101, 74, 'Normal', 8, '2024-10-15 14:58:00', '2024-10-15 14:58:00'),
(42, 1, '2023-09-01', 26, 124, 77, 'Tinggi', 9, '2024-10-15 15:04:07', '2024-10-15 15:04:07'),
(43, 2, '2024-04-23', 26, 114, 83, 'Tinggi', 9, '2024-10-15 15:04:27', '2024-10-15 15:04:27'),
(44, 1, '2023-09-01', 27, 114, 83, 'Tinggi', 9, '2024-10-15 15:08:43', '2024-10-15 15:08:43'),
(45, 2, '2024-04-23', 27, 135, 92, 'Tinggi', 9, '2024-10-15 15:09:02', '2024-10-15 15:09:02'),
(46, 1, '2023-09-01', 28, 149, 86, 'Tinggi', 9, '2024-10-15 15:14:05', '2024-10-15 15:14:05'),
(47, 2, '2024-04-23', 28, 127, 87, 'Tinggi', 9, '2024-10-15 15:14:35', '2024-10-15 15:14:35'),
(48, 1, '2023-09-01', 29, 149, 86, 'Tinggi', 9, '2024-10-15 15:22:30', '2024-10-15 15:22:30'),
(49, 2, '2024-04-23', 29, 120, 82, 'Tinggi', 9, '2024-10-15 15:22:53', '2024-10-15 15:22:53'),
(50, 1, '2023-09-01', 30, 113, 76, 'Normal', 8, '2024-10-15 15:36:19', '2024-10-15 15:36:19'),
(51, 2, '2024-04-23', 30, 95, 71, 'Normal', 8, '2024-10-15 15:36:38', '2024-10-15 15:36:38'),
(52, 2, '2024-04-23', 32, 122, 85, 'Tinggi', 9, '2024-10-16 04:19:06', '2024-10-16 04:19:06'),
(53, 1, '2023-09-01', 33, 144, 88, 'Tinggi', 9, '2024-10-16 05:28:00', '2024-10-16 05:28:00'),
(54, 2, '2024-04-23', 33, 152, 71, 'Tinggi', 9, '2024-10-16 05:28:29', '2024-10-16 05:28:29'),
(55, 1, '2023-09-01', 34, 159, 92, 'Tinggi', 9, '2024-10-16 05:45:52', '2024-10-16 05:45:52'),
(56, 2, '2024-04-23', 34, 122, 70, 'Tinggi', 9, '2024-10-16 05:46:13', '2024-10-16 05:46:13'),
(57, 1, '2023-09-01', 35, 123, 74, 'Tinggi', 9, '2024-10-16 05:51:38', '2024-10-16 05:51:38'),
(58, 1, '2023-09-01', 36, 158, 107, 'Tinggi', 9, '2024-10-16 10:10:02', '2024-10-16 10:10:02'),
(59, 2, '2024-04-23', 36, 145, 101, 'Tinggi', 9, '2024-10-16 10:10:23', '2024-10-16 10:10:23'),
(60, 1, '2023-09-01', 37, 135, 83, 'Tinggi', 9, '2024-10-16 10:51:00', '2024-10-16 10:51:00'),
(61, 1, '2023-09-01', 38, 121, 82, 'Tinggi', 9, '2024-10-16 10:54:03', '2024-10-16 10:54:03'),
(62, 2, '2024-04-23', 38, 115, 87, 'Tinggi', 9, '2024-10-16 10:54:42', '2024-10-16 10:54:42'),
(63, 1, '2023-09-01', 39, 111, 90, 'Tinggi', 9, '2024-10-17 13:16:17', '2024-10-17 13:16:17'),
(64, 2, '2024-04-23', 39, 113, 76, 'Normal', 8, '2024-10-17 13:16:37', '2024-10-17 13:16:37'),
(65, 1, '2023-09-01', 40, 155, 77, 'Tinggi', 9, '2024-10-18 04:13:29', '2024-10-18 04:13:29'),
(66, 2, '2024-04-23', 40, 119, 80, 'Tinggi', 9, '2024-10-18 04:13:55', '2024-10-18 04:13:55'),
(67, 1, '2023-09-01', 41, 90, 64, 'Normal', 8, '2024-10-18 04:18:30', '2024-10-18 04:18:30'),
(68, 2, '2024-04-23', 41, 98, 66, 'Normal', 8, '2024-10-18 04:18:51', '2024-10-18 04:18:51'),
(69, 1, '2023-09-01', 42, 155, 90, 'Tinggi', 9, '2024-10-18 08:15:18', '2024-10-18 08:15:18'),
(70, 2, '2024-04-23', 42, 134, 80, 'Tinggi', 9, '2024-10-18 08:15:54', '2024-10-18 08:15:54'),
(71, 1, '2023-09-01', 43, 101, 72, 'Normal', 8, '2024-10-21 02:56:00', '2024-10-21 02:56:00'),
(72, 2, '2024-04-23', 43, 99, 74, 'Normal', 8, '2024-10-21 02:56:25', '2024-10-21 02:56:25'),
(73, 2, '2024-04-23', 44, 120, 78, 'Tinggi', 9, '2024-10-21 03:07:15', '2024-10-21 03:07:15'),
(74, 1, '2023-09-01', 45, 194, 100, 'Tinggi', 9, '2024-10-21 03:34:19', '2024-10-21 03:34:19'),
(75, 2, '2024-04-23', 45, 139, 83, 'Tinggi', 9, '2024-10-21 03:34:39', '2024-10-21 03:34:39'),
(76, 1, '2023-09-01', 46, 97, 69, 'Normal', 8, '2024-10-21 03:42:13', '2024-10-21 03:42:13'),
(77, 2, '2024-04-23', 46, 84, 67, 'Normal', 8, '2024-10-21 03:42:42', '2024-10-21 03:42:42'),
(78, 1, '2023-09-01', 47, 168, 105, 'Tinggi', 9, '2024-10-21 04:00:59', '2024-10-21 04:00:59'),
(79, 2, '2024-04-23', 47, 144, 96, 'Tinggi', 9, '2024-10-21 04:01:31', '2024-10-21 04:01:31'),
(80, 1, '2023-09-01', 48, 138, 83, 'Tinggi', 9, '2024-10-21 04:12:18', '2024-10-21 04:12:18'),
(81, 2, '2024-04-23', 48, 156, 104, 'Tinggi', 9, '2024-10-21 04:12:36', '2024-10-21 04:12:36'),
(82, 2, '2024-04-23', 49, 165, 124, 'Tinggi', 9, '2024-10-21 04:20:19', '2024-10-21 04:20:19'),
(83, 2, '2024-04-23', 50, 162, 94, 'Tinggi', 9, '2024-10-21 04:26:52', '2024-10-21 04:26:52'),
(84, 1, '2023-09-01', 51, 165, 108, 'Tinggi', 9, '2024-10-21 04:33:28', '2024-10-21 04:33:28'),
(85, 2, '2024-04-23', 51, 156, 113, 'Tinggi', 9, '2024-10-21 04:33:46', '2024-10-21 04:33:46'),
(86, 1, '2023-09-01', 52, 165, 108, 'Tinggi', 9, '2024-10-21 06:52:21', '2024-10-21 06:52:21'),
(87, 2, '2024-04-23', 52, 110, 77, 'Normal', 8, '2024-10-21 06:52:41', '2024-10-21 06:52:41'),
(88, 2, '2024-04-23', 53, 128, 81, 'Tinggi', 9, '2024-10-21 07:02:47', '2024-10-21 07:02:47'),
(89, 1, '2023-09-01', 54, 149, 103, 'Tinggi', 9, '2024-10-21 07:13:27', '2024-10-21 07:13:27'),
(90, 2, '2024-04-23', 54, 158, 96, 'Tinggi', 9, '2024-10-21 07:14:51', '2024-10-21 07:14:51'),
(91, 1, '2023-09-01', 55, 129, 86, 'Tinggi', 9, '2024-10-21 07:39:20', '2024-10-21 07:39:20'),
(92, 2, '2024-04-23', 55, 122, 80, 'Tinggi', 9, '2024-10-21 07:39:35', '2024-10-21 07:39:35'),
(93, 1, '2023-09-01', 56, 149, 92, 'Tinggi', 9, '2024-10-21 07:45:54', '2024-10-21 07:45:54'),
(94, 2, '2024-04-23', 56, 132, 81, 'Tinggi', 9, '2024-10-21 07:46:25', '2024-10-21 07:46:25'),
(95, 1, '2023-09-01', 57, 140, 100, 'Tinggi', 9, '2024-10-21 07:53:10', '2024-10-21 07:53:10'),
(96, 2, '2024-04-23', 57, 123, 86, 'Tinggi', 9, '2024-10-21 07:53:43', '2024-10-21 07:53:43'),
(97, 1, '2023-09-01', 58, 140, 97, 'Tinggi', 9, '2024-10-21 07:58:28', '2024-10-21 07:58:28'),
(98, 1, '2023-09-01', 59, 139, 100, 'Tinggi', 9, '2024-10-21 08:23:43', '2024-10-21 08:23:43'),
(99, 1, '2023-09-01', 60, 158, 97, 'Tinggi', 9, '2024-10-21 08:32:59', '2024-10-21 08:32:59'),
(100, 2, '2024-04-23', 60, 138, 88, 'Tinggi', 9, '2024-10-21 08:33:28', '2024-10-21 08:33:28'),
(101, 2, '2024-04-23', 61, 131, 91, 'Tinggi', 9, '2024-10-21 08:40:24', '2024-10-21 08:40:24'),
(102, 2, '2024-04-23', 62, 111, 83, 'Tinggi', 9, '2024-10-21 08:45:38', '2024-10-21 08:45:38'),
(103, 1, '2023-09-01', 63, 150, 38, 'Tinggi', 9, '2024-10-21 08:50:55', '2024-10-21 08:50:55'),
(104, 2, '2024-04-23', 63, 107, 73, 'Normal', 8, '2024-10-21 08:51:13', '2024-10-21 08:51:13'),
(105, 1, '2023-09-01', 64, 113, 79, 'Normal', 8, '2024-10-21 09:02:09', '2024-10-21 09:02:09'),
(106, 2, '2024-04-23', 64, 125, 88, 'Tinggi', 9, '2024-10-21 09:02:24', '2024-10-21 09:02:24'),
(107, 1, '2023-09-01', 65, 173, 94, 'Tinggi', 9, '2024-10-21 09:14:00', '2024-10-21 09:14:00'),
(108, 2, '2024-04-23', 65, 171, 95, 'Tinggi', 9, '2024-10-21 09:14:21', '2024-10-21 09:14:21'),
(109, 1, '2023-09-01', 66, 118, 81, 'Tinggi', 9, '2024-10-25 10:58:14', '2024-10-25 10:58:14'),
(110, 2, '2024-04-23', 66, 117, 88, 'Tinggi', 9, '2024-10-25 10:58:39', '2024-10-25 10:58:39'),
(111, 1, '2023-09-01', 67, 202, 117, 'Tinggi', 9, '2024-10-25 11:33:36', '2024-10-25 11:33:36'),
(112, 2, '2024-04-23', 67, 169, 117, 'Tinggi', 9, '2024-10-25 11:34:14', '2024-10-25 11:34:14'),
(113, 2, '2024-04-23', 68, 137, 89, 'Tinggi', 9, '2024-10-25 11:45:05', '2024-10-25 11:45:05'),
(114, 1, '2023-09-01', 69, 97, 66, 'Normal', 8, '2024-10-25 11:53:39', '2024-10-25 11:53:39'),
(118, 2, '2024-04-23', 69, 104, 73, 'Normal', 8, '2024-10-25 11:55:43', '2024-10-25 11:55:43'),
(119, 2, '2024-04-23', 70, 158, 89, 'Tinggi', 9, '2024-10-25 12:00:54', '2024-10-25 12:00:54'),
(120, 2, '2024-04-23', 71, 137, 92, 'Tinggi', 9, '2024-10-25 12:06:13', '2024-10-25 12:06:13'),
(121, 1, '2024-09-01', 72, 132, 84, 'Tinggi', 9, '2024-10-28 01:39:52', '2024-10-28 01:39:52'),
(122, 2, '2024-04-23', 72, 110, 93, 'Tinggi', 9, '2024-10-28 01:40:15', '2024-10-28 01:40:15'),
(123, 1, '2023-09-01', 73, 132, 95, 'Tinggi', 9, '2024-10-28 01:48:15', '2024-10-28 01:48:15'),
(124, 2, '2024-04-23', 73, 137, 101, 'Tinggi', 9, '2024-10-28 01:48:37', '2024-10-28 01:48:37'),
(125, 1, '2023-09-01', 74, 114, 79, 'Normal', 8, '2024-10-28 09:10:26', '2024-10-28 09:10:26'),
(126, 1, '2023-09-01', 75, 100, 63, 'Normal', 8, '2024-10-28 10:42:50', '2024-10-28 10:42:50'),
(127, 1, '2023-09-01', 76, 142, 95, 'Tinggi', 9, '2024-10-28 10:49:19', '2024-10-28 10:49:19'),
(128, 2, '2024-04-23', 77, 99, 69, 'Normal', 8, '2024-10-28 11:45:20', '2024-10-28 11:45:20'),
(129, 2, '2024-04-23', 78, 128, 88, 'Tinggi', 9, '2024-10-28 11:53:40', '2024-10-28 11:53:40');

-- --------------------------------------------------------

--
-- Table structure for table `users`
--

CREATE TABLE `users` (
  `id` bigint(20) UNSIGNED NOT NULL,
  `name` varchar(255) DEFAULT NULL,
  `email` varchar(255) NOT NULL,
  `email_verified_at` timestamp NULL DEFAULT NULL,
  `password` varchar(255) DEFAULT NULL,
  `two_factor_secret` text DEFAULT NULL,
  `two_factor_recovery_codes` text DEFAULT NULL,
  `two_factor_confirmed_at` timestamp NULL DEFAULT NULL,
  `remember_token` varchar(100) DEFAULT NULL,
  `created_at` timestamp NULL DEFAULT NULL,
  `updated_at` timestamp NULL DEFAULT NULL,
  `is_admin` tinyint(1) NOT NULL DEFAULT 0
) ENGINE=InnoDB DEFAULT CHARSET=utf8mb4 COLLATE=utf8mb4_unicode_ci;

--
-- Dumping data for table `users`
--

INSERT INTO `users` (`id`, `name`, `email`, `email_verified_at`, `password`, `two_factor_secret`, `two_factor_recovery_codes`, `two_factor_confirmed_at`, `remember_token`, `created_at`, `updated_at`, `is_admin`) VALUES
(3, 'Super Admin', 'superadmin@nurulfikri.ac.id', '2024-09-18 07:03:48', '$2y$10$VjZCqgQx0283s51ifKlgiudwzGKJQysHCQHCcTghO49L3qx4gCL1G', NULL, NULL, NULL, 'Kt2bdaGQWMwM36KTJqlTVBHQFZ0N4ToGx1d1Qcz68MtvFh1RxbMgF9d8CiTo', '2024-09-18 07:03:48', '2024-09-18 07:03:48', 1),
(4, 'Nasrul', 'nasrul@nurulfikri.ac.id', '2024-09-18 07:03:48', '$2y$10$JcYjezfKvWFkr94LnDSsw.dWzQUKdBrIjxt6bdwqoKod2H0DTF36S', NULL, NULL, NULL, '3Tjsl5JFhj', '2024-09-18 07:03:49', '2024-09-18 07:03:49', 0),
(5, 'Slamet Santoso', 'senyum.slamet@gmail.com', NULL, '$2y$10$zyDW3GzHu3NwTulL/Jrry.zSoyp7xe7ASmSbuTOUGTSi/pu0p8mHm', NULL, NULL, NULL, NULL, '2024-09-24 04:23:12', '2024-09-24 04:23:12', 0),
(6, 'Arif Fadillah', 'ariffadillah876@gmail.com', NULL, '$2y$10$HJEbIjDYbrlaL7603ZRHuObaK/dDB/bS04xbSKL6CAqVUC9u8C556', NULL, NULL, NULL, NULL, '2024-09-24 04:40:45', '2024-09-24 04:40:45', 0),
(7, 'Edo Riansyah', 'edo@nurulfikri.ac.id', '2024-09-25 03:19:02', '$2y$10$UVTO6ylY6IURforcEbpRXeUu6MiuUo71pSsmlx5UDXi7FqlmqgdwG', NULL, NULL, NULL, NULL, '2024-09-25 03:19:02', '2024-09-25 03:19:02', 0),
(8, 'Yuliadi', 'yadiadi2020@gmail.com', '2024-09-25 03:51:35', '$2y$10$uFSD6XNCmREuGHtenBHU1.tqp0NKHFAl0T21SjOi3BI63SjKS6m5m', NULL, NULL, NULL, NULL, '2024-09-25 03:51:35', '2024-09-26 04:01:56', 0),
(9, 'Diah Ayu Astriani', 'diah.ayu@nurulfikri.ac.id', '2024-09-30 09:00:59', '$2y$10$Box9BxkFvoCUwcVBeqdXb.iIQgka6yl18.SA5vzqRp7MxmtNd0/le', NULL, NULL, NULL, NULL, '2024-09-30 09:00:59', '2024-10-14 03:43:45', 1),
(10, 'Henry Saptono', 'henry@nurulfikri.ac.id', '2024-10-14 04:23:14', '$2y$10$oEpw3obrfRQSDGZ4fxrJDe5rdMoZmWGvKQGMQRvJTtTBqDNPm8KTa', NULL, NULL, NULL, NULL, '2024-10-14 04:23:14', '2024-10-14 04:23:14', 0),
(11, 'Muhamad Alpian', 'alpianmuhamad21@gmail.com', '2024-10-14 04:40:03', '$2y$10$SkYBiksKnm7wZUnTQHLWsOz9t/CYkaXpZP8C9a5UJh3WahlKFbMz2', NULL, NULL, NULL, NULL, '2024-10-14 04:40:03', '2024-10-14 04:40:03', 0),
(12, 'Ujang Redi', 'ujangredi08@gmail.com', '2024-10-14 04:41:57', '$2y$10$kAZJdZJs9PPmXjRRmPZLvucz.AruBoq7x/HopXkF8xrmw7BKtysZ.', NULL, NULL, NULL, NULL, '2024-10-14 04:41:57', '2024-10-14 04:41:57', 0),
(13, 'Beni Setiono', 'beni@nurulfikri.ac.id', '2024-10-14 04:43:31', '$2y$10$REaVu8WrhKclgT43m/J6SeznaJ14o1SR2Ibzs8KQHd4uAN3OhzoXC', NULL, NULL, NULL, NULL, '2024-10-14 04:43:31', '2024-10-14 04:43:31', 0),
(14, 'Edi Wibowo', 'ediwibowo@nurulfikri.ac.id', '2024-10-14 04:46:19', '$2y$10$CB59APJlW3EuNasHUOY5ZuI2RqVLdPLHT5wGQUuZ2SZQZcUyAaLE.', NULL, NULL, NULL, NULL, '2024-10-14 04:46:19', '2024-10-14 04:46:19', 0),
(15, 'Sirojul Munir', 'rojulman@nurulfikri.ac.id', '2024-10-15 01:00:30', '$2y$10$qVLB6rHAnRSlgoUGcFSbQ.niUyt8yVjr2vpQKM4KsmUOjAykaDj.G', NULL, NULL, NULL, NULL, '2024-10-15 01:00:30', '2024-10-15 01:00:30', 0),
(16, 'Achmad Ilham', 'ilham@nurulfikri.ac.id', '2024-10-15 02:20:02', '$2y$10$CtefP2aAr/.LS4vEu9.UA.fIMBSgKU2OZQ29D/itgD76TQbWTpovm', NULL, NULL, NULL, NULL, '2024-10-15 02:20:02', '2024-10-15 02:20:02', 0),
(17, 'Reza Maulana', 'rezamaulana@nurulfikri.ac.id', '2024-10-15 02:33:45', '$2y$10$LkV8gVUvDm6b7OTdLLEUUe8ERR/ToA8mwuPDYrPYCAA86sZXC1vLu', NULL, NULL, NULL, NULL, '2024-10-15 02:33:45', '2024-10-15 02:33:45', 0),
(18, 'Sri Defi Mauliddiyawati Isnaeni', 'defi.isnaeni@nurulfikri.ac.id', '2024-10-15 02:37:51', '$2y$10$mYUIevtPjaDu4By7TaGmi.5tWY9Ho5MbA/AcKnVrm.ntYrdu7aruG', NULL, NULL, NULL, NULL, '2024-10-15 02:37:51', '2024-10-15 02:37:51', 0),
(19, 'Muhammad Ichwan', 'mentor.coachichwan@gmail.com', '2024-10-15 03:04:17', '$2y$10$4Fq/OCytIgdri/OIK1EDkuIh2fGVk1hk7.UF/W7MT2hCKn0Icd7Y6', NULL, NULL, NULL, NULL, '2024-10-15 03:04:17', '2024-10-15 03:04:17', 0),
(20, 'Fathan Mubin', 'fathan@nurulfikri.ac.id', '2024-10-15 03:16:06', '$2y$10$Yee/rnjcSgnIkgyQsT0dYezwqn9W3wZBIIiPrxBSVXJ1Ed/aV5fPW', NULL, NULL, NULL, NULL, '2024-10-15 03:16:06', '2024-10-15 03:22:23', 0),
(21, 'Gigih Zhafrans Mukti Luhur', 'gigi21087ti@student.nurulfikri.ac.id', '2024-10-15 03:25:56', '$2y$10$cIUeIIehGE3Tjab3lARuueHRxjEBJYUqxIXPVGz8HvwH.fp8e7wda', NULL, NULL, NULL, NULL, '2024-10-15 03:25:56', '2024-10-15 03:25:56', 0),
(22, 'Daseh Hidayat', 'daseh73hidayat@gmail.com', '2024-10-15 05:48:33', '$2y$10$uP06AfDM7GxOO8Gk5WejN.vu4sJytKxn5CReih453F576avR7vRly', NULL, NULL, NULL, NULL, '2024-10-15 05:48:33', '2024-10-15 05:48:33', 0),
(23, 'Dhodi Yoga Sahida', 'dhodi10november@gmail.com', '2024-10-15 12:30:28', '$2y$10$ZEP06ML7Ij9YUJE/Ke8r3.MLFB3EM40Wkl500O2.k7PY/5r2tLSWC', NULL, NULL, NULL, NULL, '2024-10-15 12:30:28', '2024-10-15 12:30:28', 0),
(24, 'Jodi Al Hadi', 'jodi@nurulfikri.co.id', '2024-10-15 12:35:37', '$2y$10$nov9csElDgj2xRNseeXa9Oo2BxHqRw5fxNz2O72fMClRIHF.FpOM6', NULL, NULL, NULL, NULL, '2024-10-15 12:35:37', '2024-10-15 12:35:37', 0),
(25, 'Alipia Salsabilah Email:  TTL: Depok, 12 Mei 2002', 'alipia125@gmail.com', '2024-10-15 12:41:00', '$2y$10$icd0EXHKcRkI0IZrcy5d.u1C53/GG3MuE5aHZW4bQTaOoapypKoTy', NULL, NULL, NULL, NULL, '2024-10-15 12:40:59', '2024-10-15 12:41:00', 0),
(26, 'Davied Wahyu Wismanindra', 'davidwismanindra@gmail.com', '2024-10-15 13:25:19', '$2y$10$IoX9Gh9K8ZpdE52.3idPEOqxyxiqzJQ31AiOaoBm62MSXzjt7lWg.', NULL, NULL, NULL, NULL, '2024-10-15 13:25:19', '2024-10-15 13:25:19', 0),
(27, 'Zhihan Fauzia', 'zhihan@nurulfikri.ac.id', '2024-10-15 13:30:07', '$2y$10$XMfiDQ1vgbzxd9GY0dFVy.Mpil1bGEXjs2KDuElJjLQolgsYSu0gu', NULL, NULL, NULL, NULL, '2024-10-15 13:30:07', '2024-10-15 13:30:07', 0),
(28, 'Muhamad Teguh Prasetyo', 'aku@teguh-disener.com', '2024-10-15 13:34:34', '$2y$10$uFTASUfwMMIvNHIEPFcj9e9P3hGWkZ1Z70GZ3RokxS68xKDPssHYa', NULL, NULL, NULL, NULL, '2024-10-15 13:34:34', '2024-10-15 13:34:34', 0),
(29, 'Kristi Soemarwanto', 'kristi.soemarwanto@nurulfikri.ac.id', '2024-10-15 13:42:16', '$2y$10$Et1.6KevASRqdRP.zrUCo.rpIA/1gCAlolWgo6Zpa6MG.1BSMrLOq', NULL, NULL, NULL, NULL, '2024-10-15 13:42:16', '2024-10-15 13:42:16', 0),
(30, 'Krisna Panji', 'panji@nurulfikri.ac.id', '2024-10-15 13:49:22', '$2y$10$.kBewEWlTjUoHVjPw9XKc.dRhnB5l4KYXW5BfuD6q3e2hMHcQOLD2', NULL, NULL, NULL, NULL, '2024-10-15 13:49:22', '2024-10-15 13:49:22', 0),
(31, 'Candra Ayu', 'candra.ayu@nurulfikri.ac.id', '2024-10-15 13:52:51', '$2y$10$yZOE0Q2PKt9ty4PcCc1QBer/.SmL25lq0sDOJR0jNwdvvCOlJdHZa', NULL, NULL, NULL, NULL, '2024-10-15 13:52:51', '2024-10-15 13:52:51', 0),
(32, 'Ghina Qonita', 'ghinaqonita@nurulfikri.ac.id', '2024-10-15 14:02:28', '$2y$10$P4sD.yQljwUu9PMZ3lbcVOTvvocEi1CHzHELYKsdDZMTx/1Hq7d7i', NULL, NULL, NULL, NULL, '2024-10-15 14:02:28', '2024-10-15 14:02:28', 0),
(33, 'Dalias', 'dalias@nurulfikri.ac.id', '2024-10-15 14:27:25', '$2y$10$pEB3eDqbkR0OBtebHjU0DOaKLzpp2u1yUx1m..5dhLF5TgUKsLJaK', NULL, NULL, NULL, NULL, '2024-10-15 14:27:25', '2024-10-15 14:27:25', 0),
(34, 'Akhmam Fahmi', 'akhmam.fahmi@nurulfikri.ac.id', '2024-10-16 00:45:37', '$2y$10$QFkRAJOe5EH2Hwb/Xv3MwePfJbAXeIor6z5pfxZNbI4csM9VR2.LW', NULL, NULL, NULL, NULL, '2024-10-16 00:45:37', '2024-10-16 00:45:37', 0),
(35, 'Sigit Agus Setianto', 'sigit@nurulfikri.ac.id', '2024-10-16 04:46:11', '$2y$10$y04xAjElsPt.tOhWfRZqtOQSF9puk43rYPvj2zcYEMOctV3rD8hCC', NULL, NULL, NULL, NULL, '2024-10-16 04:46:11', '2024-10-16 04:46:11', 0),
(36, 'Teguh Winarso', 'teguhwinarso99@gmail.com', '2024-10-16 05:41:23', '$2y$10$V.n5thcYjQov5YO02dzg8uYtoQAkZ/NWy19OnX.6EAKBcHks4e6oS', NULL, NULL, NULL, NULL, '2024-10-16 05:41:23', '2024-10-16 05:41:23', 0),
(37, 'Navis Heriyanto', 'navisheriyanto778@gmail.com', '2024-10-16 05:42:33', '$2y$10$moaC6ZrNa4pJBVHFepZiqup.b2yCcEH4TtMWLm.pk2E1kQQxGkJrm', NULL, NULL, NULL, NULL, '2024-10-16 05:42:33', '2024-10-16 05:42:33', 0),
(38, 'Akhmad Arip', 'akhmadarip86@gmail.com', '2024-10-16 10:00:36', '$2y$10$U6HRknjHqEZGOJGvXQXfz.LnGNBrHGAxUI0TP.XCVIr.s.qbGrCLq', NULL, NULL, NULL, NULL, '2024-10-16 10:00:36', '2024-10-16 10:00:36', 0),
(39, 'Yusroni', 'yusroni52@gmail.com', '2024-10-16 10:21:23', '$2y$10$mI8LNmNt.naErrO0wkLhzuyEstPjZPiAD/92VIjSRidqmR93KJRa.', NULL, NULL, NULL, NULL, '2024-10-16 10:21:23', '2024-10-16 10:21:23', 0),
(40, 'Bambang Triaji', 'triavanadji@gmail.com', '2024-10-16 10:35:41', '$2y$10$CmmG2On3Gla1UZITwmZ17Op8LW2q2jzl19s0YbcVNWgT6rB/njp82', NULL, NULL, NULL, NULL, '2024-10-16 10:35:41', '2024-10-16 10:35:41', 0),
(41, 'Ahmad Rio', 'arasy@nurulfikri.ac.id', '2024-10-17 09:00:51', '$2y$10$eWvgCFkZTc1XTdif8LwI/e7Ht3b2F6Wa1A2gvSn86V87ntGJKuyc6', NULL, NULL, NULL, NULL, '2024-10-17 09:00:51', '2024-10-17 09:12:29', 0),
(42, 'Fasyikhatun Maidah', 'ikha@nurulfikri.ac.id', '2024-10-18 04:03:24', '$2y$10$DhRDzNJAKHIYsY9SblVYy.3kZipa8T.FSW9cCjwuOuMXd.rpselzy', NULL, NULL, NULL, NULL, '2024-10-18 04:03:24', '2024-10-18 04:03:24', 0),
(43, 'Hilmia Zahra', 'hilmia@nurulfikri.ac.id', '2024-10-18 04:05:58', '$2y$10$jL4eIY375O5R6vLahax9je2rRgGK/AsbvFPiY1yAt6bq.G8l/mGLm', NULL, NULL, NULL, NULL, '2024-10-18 04:05:58', '2024-10-18 04:05:58', 0),
(44, 'Muh. Syaiful Romadhon', 'syaiful@nurulfikri.ac.id', '2024-10-18 04:09:32', '$2y$10$rHV6m06dPrPWGR7zHSGMv.6ltOpvsJdEVYBJFsZl7lOpBCkUAx82S', NULL, NULL, NULL, NULL, '2024-10-18 04:09:32', '2024-10-18 04:09:32', 0),
(45, 'Silmi Rizqi Ramadhani', 'silmirmdhn@gmail.com', '2024-10-21 02:47:16', '$2y$10$vswEp4pmVK3hHEw7frcbce3eNMldMcnyr2nwlZxpdik08jDVICoL.', NULL, NULL, NULL, NULL, '2024-10-21 02:47:16', '2024-10-21 02:47:16', 0),
(46, 'M. Rifqi Isnan', 'isnan.93.stink@gmail.com', '2024-10-21 03:03:50', '$2y$10$rynE/FK/Ws3ujIdTxl4lpeQdmu8/ICkWBDYnMKI7jrPyLakyAuMbq', NULL, NULL, NULL, NULL, '2024-10-21 03:03:50', '2024-10-21 03:03:50', 0),
(47, 'Yatno', 'yatno@nurulfikri.co.id', '2024-10-21 03:30:04', '$2y$10$7yqMAfZWVN65s.eQ2qVxUOtJ2eiuc3Giv0/7dBGryjR9E5R2evG/6', NULL, NULL, NULL, NULL, '2024-10-21 03:30:04', '2024-10-21 03:30:04', 0),
(48, 'Nabila Fajri Syifa Dewi', 'nabilafajrisyifa@gmail.com', '2024-10-21 03:38:07', '$2y$10$zrPBTzYJzFQFfztX8XN2oeMCJRFdkWturyNqAAMkeQD7Fkb90l3BK', NULL, NULL, NULL, NULL, '2024-10-21 03:38:07', '2024-10-21 03:38:07', 0),
(49, 'Manto Wiratmoko', 'manto@nurulfikri.co.id', '2024-10-21 03:46:35', '$2y$10$OD9ty8/lyvIrBlfl6k.jJegen1EIYk2tBGZZgKIBhomIAB2QgWpmq', NULL, NULL, NULL, NULL, '2024-10-21 03:46:35', '2024-10-21 03:46:35', 0),
(50, 'Hafidz Atamim', 'hafidzlp3tnf@gmail.com', '2024-10-21 04:10:09', '$2y$10$sFE3UfDKtOjsHE8Q5h569O0/6QlYfynmREHyPJyK1U1NpqxXnet8.', NULL, NULL, NULL, NULL, '2024-10-21 04:10:09', '2024-10-21 04:10:09', 0),
(51, 'Firdaus Goenawan', 'gunawanf68@gmail.com', '2024-10-21 04:18:09', '$2y$10$4qABSBnzvRSnk12FY5t3N.WoFjb81FBGkv5IilUS3BicbO02G4Ptm', NULL, NULL, NULL, NULL, '2024-10-21 04:18:09', '2024-10-21 04:18:09', 0),
(52, 'Suhendi', 'hendinf13@gmail.com', '2024-10-21 04:25:16', '$2y$10$WoLrIEIdKmFRE4buaQHkle4PSMBk4yOBMJlaB1zJnsw4qffLMyt6u', NULL, NULL, NULL, NULL, '2024-10-21 04:25:16', '2024-10-21 04:25:16', 0),
(53, 'Anjas Hendra', 'hendra@nurulfikri.co.id', '2024-10-21 04:30:55', '$2y$10$oebuZD.yR.eGrrWl1IpJ3OWrgzl1RQE9w1wVZQONL.Ndy4gTNcvWK', NULL, NULL, NULL, NULL, '2024-10-21 04:30:55', '2024-10-21 04:30:55', 0),
(54, 'Alwi Putra Supendi', 'alwiputra218@gmail.com', '2024-10-21 06:50:12', '$2y$10$KNCDnkNXjp7mxt8407th0OicSuGYPUvZd62O8qsM9bEfR6CScHVqa', NULL, NULL, NULL, NULL, '2024-10-21 06:50:12', '2024-10-21 06:50:12', 0),
(55, 'Bambang Triatmaja', 'triatmajabambang375@gmail.com', '2024-10-21 07:01:10', '$2y$10$YJj4M.Kw6qHkwhdHGp4eaug4YxMqIk2lPE2L2wdY3LdBrqe1aoAmW', NULL, NULL, NULL, NULL, '2024-10-21 07:01:10', '2024-10-21 07:01:10', 0),
(56, 'Ahmad Ridwan', 'faizanarridwan17@gmail.com', '2024-10-21 07:10:47', '$2y$10$FOZ2iwUFRGK2Nb4b5u/gXOOReit2b6gqvyA/GE7l2QTChUvTIj102', NULL, NULL, NULL, NULL, '2024-10-21 07:10:47', '2024-10-21 07:10:47', 0),
(57, 'Ahmad Supandi', 'akuahmadaja19@gmail.com', '2024-10-21 07:36:46', '$2y$10$p8PkrkvgAIOpEvvCmg5cKO/G1FZynVFNekzZ15f8ZyszBQhawfriC', NULL, NULL, NULL, NULL, '2024-10-21 07:36:46', '2024-10-21 07:36:46', 0),
(58, 'Arif Rahman Hakim', 'arifrahman0109@gmail.com', '2024-10-21 07:42:56', '$2y$10$EnfjuurdvzOAxENZC6EX8esUtjgA8zOFnwsbqwF/clRmTzcCx8NQC', NULL, NULL, NULL, NULL, '2024-10-21 07:42:56', '2024-10-21 07:42:56', 0),
(59, 'Asmadi', 'asmadi1371@gmail.com', '2024-10-21 07:50:40', '$2y$10$0IucL9QkOzt3kMlMDzuSleDTZYEwaGbP7jdzA7aM/G0Y5942hHXQ6', NULL, NULL, NULL, NULL, '2024-10-21 07:50:40', '2024-10-21 07:50:40', 0),
(60, 'Deni Susanto', 'dennysusanto552@gmail.com', '2024-10-21 07:57:29', '$2y$10$/rSvqzgLVOtn6kGrLYA3A.y1fcWqhodeDc1qvP9scx7a3Dgu83HTq', NULL, NULL, NULL, NULL, '2024-10-21 07:57:29', '2024-10-21 07:57:29', 0),
(61, 'Erdi Destariyandi', 'erdi261291@gmail.com', '2024-10-21 08:22:40', '$2y$10$uOK8W5qLeowbx1IWmdFTWufcBzNdPLTsg05JP2evxJhtEviUhxBh.', NULL, NULL, NULL, NULL, '2024-10-21 08:22:40', '2024-10-21 08:22:40', 0),
(62, 'Noviandi Sardi', 'andisardi1234@gmail.com', '2024-10-21 08:28:48', '$2y$10$oWSti1MOI2Tl/ZiLOOJhreDOvyfyw5WOE2qxDIP3kTRCurbIv6Tt2', NULL, NULL, NULL, NULL, '2024-10-21 08:28:48', '2024-10-21 08:28:48', 0),
(63, 'Eka Rahayu', 'ekadearahayu@gmail.com', '2024-10-21 08:38:25', '$2y$10$IfquAzVK2YrO2pcYTOwnSeZMsNzbhAe.lVbiUn9mg3nBcNiIFYhfS', NULL, NULL, NULL, NULL, '2024-10-21 08:38:25', '2024-10-21 08:38:25', 0),
(64, 'Kristefani', 'fannyfun101@gmail.com', '2024-10-21 08:44:11', '$2y$10$sb2BkWTu/Ty38Fk/xhyFOuDoPVZmPn4t9AjczRM/jg42acqaK51YG', NULL, NULL, NULL, NULL, '2024-10-21 08:44:11', '2024-10-21 08:44:11', 0),
(65, 'Yuliana', 'yuliana.ftg94@gmail.com', '2024-10-21 08:49:09', '$2y$10$wctxEbzEEi/r9RreF1G6r.Mrg34FTngMyssBxl8ZQsvTGQkAmeW4a', NULL, NULL, NULL, NULL, '2024-10-21 08:49:09', '2024-10-21 08:49:09', 0),
(66, 'Lukman Rosyidi', 'lukman.nf@gmail.com', '2024-10-21 08:59:23', '$2y$10$655yJ1htsRWKXUy4IhQxpeT2bH3xF4o/DEtGaS9dOo4eDJV/ItB12', NULL, NULL, NULL, NULL, '2024-10-21 08:59:23', '2024-10-21 08:59:23', 0),
(67, 'Laisa Nurin Mentari', 'laisanurin.mentari@gmail.com', '2024-10-21 09:10:36', '$2y$10$dUTEgl/3XTyZfYz4d55ZD.37c1ti0PXPBcv1/C3/YIddGhCl5S9XS', NULL, NULL, NULL, NULL, '2024-10-21 09:10:36', '2024-10-21 09:10:36', 0),
(68, 'Farras Syafira Susilo', 'farrassyafira@nurulfikri.ac.id', '2024-10-25 10:54:58', '$2y$10$vU7uZT.Gqses1.UVBkc4ZOCMSWExgwTTTuSjjn9aZIrYf9r.whIRq', NULL, NULL, NULL, NULL, '2024-10-25 10:54:58', '2024-10-25 10:54:58', 0),
(69, 'Endang Siti Suwarni', 'endang@nurulfikri.com', '2024-10-25 11:27:49', '$2y$10$vJn0mJokdZPSaDMYm7Mqj.zfGeCV54gXwN465/I7SGtJV1kcsaQSK', NULL, NULL, NULL, NULL, '2024-10-25 11:27:49', '2024-10-25 11:27:49', 0),
(70, 'Fiqri Ramdani', 'fiqrir566@gmail.com', '2024-10-25 11:43:00', '$2y$10$erij3USm6VscU/G9sSLq1.SoLhBVAxniAyeU9joa1YmPqEXhDyw16', NULL, NULL, NULL, NULL, '2024-10-25 11:43:00', '2024-10-25 11:43:00', 0),
(71, 'Lina Guslina', 'linaguslina@gmail.com', '2024-10-25 11:51:13', '$2y$10$OlBk2AkfvU5M4Zf.3K18EuaclTcbWXNldq5TqcQRZ6awZ4/gKYPjW', NULL, NULL, NULL, NULL, '2024-10-25 11:51:13', '2024-10-25 11:51:13', 0),
(72, 'M. Andy Kurniawan', 'andikw125@gmail.com', '2024-10-25 11:59:14', '$2y$10$0teVru/CX3Iyp623EMfJdOefJP6PhD54SQ.H1bagLyCDzoBS/YR72', NULL, NULL, NULL, NULL, '2024-10-25 11:59:14', '2024-10-25 11:59:14', 0),
(73, 'Muhamad Fahroji', 'muhamadfahroji9@gmail.com', '2024-10-25 12:04:24', '$2y$10$gyongVW9teZxsyufNGrZ2O4yJZTRUB0tMBwNF2fK5LakN.FL6xu.G', NULL, NULL, NULL, NULL, '2024-10-25 12:04:24', '2024-10-25 12:04:24', 0),
(74, 'Rika Febrina', 'febrinayuskal@gmail.com', '2024-10-28 01:36:03', '$2y$10$ZAIfB3i1PfSBihhPlVBS5.bTAsFphja9bZcuj3RY1e.tCEN1/rj6.', NULL, NULL, NULL, NULL, '2024-10-28 01:36:03', '2024-10-28 01:36:03', 0),
(75, 'Samsudin', 'samsudin@nurulfikri.co.id', '2024-10-28 01:44:49', '$2y$10$C9DzBzuVhdfDxHuqG/S.N.i5E4zYUQjzIWxMT96xjDqrbI4cFAUb.', NULL, NULL, NULL, NULL, '2024-10-28 01:44:49', '2024-10-28 01:44:49', 0),
(76, 'Miftahussaadah Putri Sidiq', 'miftaps.12@gmail.com', '2024-10-28 09:08:54', '$2y$10$YPU66u5MFyIeqTwdMV6PbewCMHGessh/iHhEukuj78Dsm4oSw/Dh.', NULL, NULL, NULL, NULL, '2024-10-28 09:08:54', '2024-10-28 09:08:54', 0),
(77, 'Amalia', 'amalia@nurulfikri.co.id', '2024-10-28 09:35:05', '$2y$10$YHf7nVjMpJfbZW1geGjwWusi3Jb7IMc7FVBQUWtsTwjC5SPyQecKa', NULL, NULL, NULL, NULL, '2024-10-28 09:35:05', '2024-10-28 09:35:05', 0),
(78, 'Farhan Fathurrohman Hafizhin', 'farhanfh@ymail.com', '2024-10-28 10:47:16', '$2y$10$6aox8N68YQ7QSNCOfkHujOdxmeO8xPZwTiRxsuK8zEcRHhPEoEcbq', NULL, NULL, NULL, NULL, '2024-10-28 10:47:16', '2024-10-28 10:47:16', 0),
(79, 'Shelly Pramudiawardhani', 'shelly@nurulfikri.ac.id', '2024-10-28 11:42:47', '$2y$10$pxHblWa6EMxd2tV6NGca8upl.t.UHuJGOUw/JM.ygnRVOOIm1FDw.', NULL, NULL, NULL, NULL, '2024-10-28 11:42:47', '2024-10-28 11:42:47', 0),
(80, 'Salman Fathy Shiroth', 'salman.surapranata@gmail.com', '2024-10-28 11:50:17', '$2y$10$Xh/92cV48SbHYBck7ViKcuenzXDv75vw2U2jrrc3C3a16OHhsEG/K', NULL, NULL, NULL, NULL, '2024-10-28 11:50:17', '2024-10-28 11:50:17', 0);

--
-- Indexes for dumped tables
--

--
-- Indexes for table `asam_urat`
--
ALTER TABLE `asam_urat`
  ADD PRIMARY KEY (`id`),
  ADD KEY `asam_urat_periode_id_foreign` (`periode_id`),
  ADD KEY `asam_urat_pegawai_id_foreign` (`pegawai_id`),
  ADD KEY `asam_urat_rekomendasi_id_foreign` (`rekomendasi_id`);

--
-- Indexes for table `divisi`
--
ALTER TABLE `divisi`
  ADD PRIMARY KEY (`id`);

--
-- Indexes for table `failed_jobs`
--
ALTER TABLE `failed_jobs`
  ADD PRIMARY KEY (`id`),
  ADD UNIQUE KEY `failed_jobs_uuid_unique` (`uuid`);

--
-- Indexes for table `fisik`
--
ALTER TABLE `fisik`
  ADD PRIMARY KEY (`id`),
  ADD KEY `fisik_periode_id_foreign` (`periode_id`),
  ADD KEY `fisik_pegawai_id_foreign` (`pegawai_id`);

--
-- Indexes for table `gula_darah`
--
ALTER TABLE `gula_darah`
  ADD PRIMARY KEY (`id`),
  ADD KEY `gula_darah_periode_id_foreign` (`periode_id`),
  ADD KEY `gula_darah_pegawai_id_foreign` (`pegawai_id`),
  ADD KEY `gula_darah_rekomendasi_id_foreign` (`rekomendasi_id`);

--
-- Indexes for table `kolesterol`
--
ALTER TABLE `kolesterol`
  ADD PRIMARY KEY (`id`),
  ADD KEY `kolesterol_periode_id_foreign` (`periode_id`),
  ADD KEY `kolesterol_pegawai_id_foreign` (`pegawai_id`),
  ADD KEY `kolesterol_rekomendasi_id_foreign` (`rekomendasi_id`);

--
-- Indexes for table `migrations`
--
ALTER TABLE `migrations`
  ADD PRIMARY KEY (`id`);

--
-- Indexes for table `model_has_permissions`
--
ALTER TABLE `model_has_permissions`
  ADD PRIMARY KEY (`permission_id`,`model_id`,`model_type`),
  ADD KEY `model_has_permissions_model_id_model_type_index` (`model_id`,`model_type`);

--
-- Indexes for table `model_has_roles`
--
ALTER TABLE `model_has_roles`
  ADD PRIMARY KEY (`role_id`,`model_id`,`model_type`),
  ADD KEY `model_has_roles_model_id_model_type_index` (`model_id`,`model_type`);

--
-- Indexes for table `password_resets`
--
ALTER TABLE `password_resets`
  ADD KEY `password_resets_email_index` (`email`);

--
-- Indexes for table `password_reset_tokens`
--
ALTER TABLE `password_reset_tokens`
  ADD PRIMARY KEY (`email`);

--
-- Indexes for table `pegawai`
--
ALTER TABLE `pegawai`
  ADD PRIMARY KEY (`id`),
  ADD KEY `pegawai_user_id_foreign` (`user_id`),
  ADD KEY `pegawai_divisi_id_foreign` (`divisi_id`);

--
-- Indexes for table `periode`
--
ALTER TABLE `periode`
  ADD PRIMARY KEY (`id`);

--
-- Indexes for table `permissions`
--
ALTER TABLE `permissions`
  ADD PRIMARY KEY (`id`),
  ADD UNIQUE KEY `permissions_name_guard_name_unique` (`name`,`guard_name`);

--
-- Indexes for table `personal_access_tokens`
--
ALTER TABLE `personal_access_tokens`
  ADD PRIMARY KEY (`id`),
  ADD UNIQUE KEY `personal_access_tokens_token_unique` (`token`),
  ADD KEY `personal_access_tokens_tokenable_type_tokenable_id_index` (`tokenable_type`,`tokenable_id`);

--
-- Indexes for table `rekomendasi`
--
ALTER TABLE `rekomendasi`
  ADD PRIMARY KEY (`id`);

--
-- Indexes for table `roles`
--
ALTER TABLE `roles`
  ADD PRIMARY KEY (`id`),
  ADD UNIQUE KEY `roles_name_guard_name_unique` (`name`,`guard_name`);

--
-- Indexes for table `role_has_permissions`
--
ALTER TABLE `role_has_permissions`
  ADD PRIMARY KEY (`permission_id`,`role_id`),
  ADD KEY `role_has_permissions_role_id_foreign` (`role_id`);

--
-- Indexes for table `social_provider_user`
--
ALTER TABLE `social_provider_user`
  ADD PRIMARY KEY (`user_id`,`provider_slug`);

--
-- Indexes for table `tekanan_darah`
--
ALTER TABLE `tekanan_darah`
  ADD PRIMARY KEY (`id`),
  ADD KEY `tekanan_darah_periode_id_foreign` (`periode_id`),
  ADD KEY `tekanan_darah_pegawai_id_foreign` (`pegawai_id`),
  ADD KEY `tekanan_darah_rekomendasi_id_foreign` (`rekomendasi_id`);

--
-- Indexes for table `users`
--
ALTER TABLE `users`
  ADD PRIMARY KEY (`id`),
  ADD UNIQUE KEY `users_email_unique` (`email`);

--
-- AUTO_INCREMENT for dumped tables
--

--
-- AUTO_INCREMENT for table `asam_urat`
--
ALTER TABLE `asam_urat`
  MODIFY `id` bigint(20) UNSIGNED NOT NULL AUTO_INCREMENT, AUTO_INCREMENT=131;

--
-- AUTO_INCREMENT for table `divisi`
--
ALTER TABLE `divisi`
  MODIFY `id` bigint(20) UNSIGNED NOT NULL AUTO_INCREMENT, AUTO_INCREMENT=17;

--
-- AUTO_INCREMENT for table `failed_jobs`
--
ALTER TABLE `failed_jobs`
  MODIFY `id` bigint(20) UNSIGNED NOT NULL AUTO_INCREMENT;

--
-- AUTO_INCREMENT for table `fisik`
--
ALTER TABLE `fisik`
  MODIFY `id` bigint(20) UNSIGNED NOT NULL AUTO_INCREMENT, AUTO_INCREMENT=79;

--
-- AUTO_INCREMENT for table `gula_darah`
--
ALTER TABLE `gula_darah`
  MODIFY `id` bigint(20) UNSIGNED NOT NULL AUTO_INCREMENT, AUTO_INCREMENT=121;

--
-- AUTO_INCREMENT for table `kolesterol`
--
ALTER TABLE `kolesterol`
  MODIFY `id` bigint(20) UNSIGNED NOT NULL AUTO_INCREMENT, AUTO_INCREMENT=128;

--
-- AUTO_INCREMENT for table `migrations`
--
ALTER TABLE `migrations`
  MODIFY `id` int(10) UNSIGNED NOT NULL AUTO_INCREMENT, AUTO_INCREMENT=24;

--
-- AUTO_INCREMENT for table `pegawai`
--
ALTER TABLE `pegawai`
  MODIFY `id` bigint(20) UNSIGNED NOT NULL AUTO_INCREMENT, AUTO_INCREMENT=79;

--
-- AUTO_INCREMENT for table `periode`
--
ALTER TABLE `periode`
  MODIFY `id` bigint(20) UNSIGNED NOT NULL AUTO_INCREMENT, AUTO_INCREMENT=3;

--
-- AUTO_INCREMENT for table `permissions`
--
ALTER TABLE `permissions`
  MODIFY `id` bigint(20) UNSIGNED NOT NULL AUTO_INCREMENT, AUTO_INCREMENT=29;

--
-- AUTO_INCREMENT for table `personal_access_tokens`
--
ALTER TABLE `personal_access_tokens`
  MODIFY `id` bigint(20) UNSIGNED NOT NULL AUTO_INCREMENT;

--
-- AUTO_INCREMENT for table `rekomendasi`
--
ALTER TABLE `rekomendasi`
  MODIFY `id` bigint(20) UNSIGNED NOT NULL AUTO_INCREMENT, AUTO_INCREMENT=13;

--
-- AUTO_INCREMENT for table `roles`
--
ALTER TABLE `roles`
  MODIFY `id` bigint(20) UNSIGNED NOT NULL AUTO_INCREMENT, AUTO_INCREMENT=5;

--
-- AUTO_INCREMENT for table `tekanan_darah`
--
ALTER TABLE `tekanan_darah`
  MODIFY `id` bigint(20) UNSIGNED NOT NULL AUTO_INCREMENT, AUTO_INCREMENT=130;

--
-- AUTO_INCREMENT for table `users`
--
ALTER TABLE `users`
  MODIFY `id` bigint(20) UNSIGNED NOT NULL AUTO_INCREMENT, AUTO_INCREMENT=81;

--
-- Constraints for dumped tables
--

--
-- Constraints for table `asam_urat`
--
ALTER TABLE `asam_urat`
  ADD CONSTRAINT `asam_urat_pegawai_id_foreign` FOREIGN KEY (`pegawai_id`) REFERENCES `pegawai` (`id`) ON DELETE CASCADE,
  ADD CONSTRAINT `asam_urat_periode_id_foreign` FOREIGN KEY (`periode_id`) REFERENCES `periode` (`id`) ON DELETE CASCADE,
  ADD CONSTRAINT `asam_urat_rekomendasi_id_foreign` FOREIGN KEY (`rekomendasi_id`) REFERENCES `rekomendasi` (`id`) ON DELETE CASCADE;

--
-- Constraints for table `fisik`
--
ALTER TABLE `fisik`
  ADD CONSTRAINT `fisik_pegawai_id_foreign` FOREIGN KEY (`pegawai_id`) REFERENCES `pegawai` (`id`) ON DELETE CASCADE,
  ADD CONSTRAINT `fisik_periode_id_foreign` FOREIGN KEY (`periode_id`) REFERENCES `periode` (`id`) ON DELETE CASCADE;

--
-- Constraints for table `gula_darah`
--
ALTER TABLE `gula_darah`
  ADD CONSTRAINT `gula_darah_pegawai_id_foreign` FOREIGN KEY (`pegawai_id`) REFERENCES `pegawai` (`id`) ON DELETE CASCADE,
  ADD CONSTRAINT `gula_darah_periode_id_foreign` FOREIGN KEY (`periode_id`) REFERENCES `periode` (`id`) ON DELETE CASCADE,
  ADD CONSTRAINT `gula_darah_rekomendasi_id_foreign` FOREIGN KEY (`rekomendasi_id`) REFERENCES `rekomendasi` (`id`) ON DELETE CASCADE;

--
-- Constraints for table `kolesterol`
--
ALTER TABLE `kolesterol`
  ADD CONSTRAINT `kolesterol_pegawai_id_foreign` FOREIGN KEY (`pegawai_id`) REFERENCES `pegawai` (`id`) ON DELETE CASCADE,
  ADD CONSTRAINT `kolesterol_periode_id_foreign` FOREIGN KEY (`periode_id`) REFERENCES `periode` (`id`) ON DELETE CASCADE,
  ADD CONSTRAINT `kolesterol_rekomendasi_id_foreign` FOREIGN KEY (`rekomendasi_id`) REFERENCES `rekomendasi` (`id`) ON DELETE CASCADE;

--
-- Constraints for table `model_has_permissions`
--
ALTER TABLE `model_has_permissions`
  ADD CONSTRAINT `model_has_permissions_permission_id_foreign` FOREIGN KEY (`permission_id`) REFERENCES `permissions` (`id`) ON DELETE CASCADE;

--
-- Constraints for table `model_has_roles`
--
ALTER TABLE `model_has_roles`
  ADD CONSTRAINT `model_has_roles_role_id_foreign` FOREIGN KEY (`role_id`) REFERENCES `roles` (`id`) ON DELETE CASCADE;

--
-- Constraints for table `pegawai`
--
ALTER TABLE `pegawai`
  ADD CONSTRAINT `pegawai_divisi_id_foreign` FOREIGN KEY (`divisi_id`) REFERENCES `divisi` (`id`) ON DELETE CASCADE,
  ADD CONSTRAINT `pegawai_user_id_foreign` FOREIGN KEY (`user_id`) REFERENCES `users` (`id`) ON DELETE CASCADE;

--
-- Constraints for table `role_has_permissions`
--
ALTER TABLE `role_has_permissions`
  ADD CONSTRAINT `role_has_permissions_permission_id_foreign` FOREIGN KEY (`permission_id`) REFERENCES `permissions` (`id`) ON DELETE CASCADE,
  ADD CONSTRAINT `role_has_permissions_role_id_foreign` FOREIGN KEY (`role_id`) REFERENCES `roles` (`id`) ON DELETE CASCADE;

--
-- Constraints for table `social_provider_user`
--
ALTER TABLE `social_provider_user`
  ADD CONSTRAINT `social_provider_user_user_id_foreign` FOREIGN KEY (`user_id`) REFERENCES `users` (`id`) ON DELETE CASCADE;

--
-- Constraints for table `tekanan_darah`
--
ALTER TABLE `tekanan_darah`
  ADD CONSTRAINT `tekanan_darah_pegawai_id_foreign` FOREIGN KEY (`pegawai_id`) REFERENCES `pegawai` (`id`) ON DELETE CASCADE,
  ADD CONSTRAINT `tekanan_darah_periode_id_foreign` FOREIGN KEY (`periode_id`) REFERENCES `periode` (`id`) ON DELETE CASCADE,
  ADD CONSTRAINT `tekanan_darah_rekomendasi_id_foreign` FOREIGN KEY (`rekomendasi_id`) REFERENCES `rekomendasi` (`id`) ON DELETE CASCADE;
COMMIT;

/*!40101 SET CHARACTER_SET_CLIENT=@OLD_CHARACTER_SET_CLIENT */;
/*!40101 SET CHARACTER_SET_RESULTS=@OLD_CHARACTER_SET_RESULTS */;
/*!40101 SET COLLATION_CONNECTION=@OLD_COLLATION_CONNECTION */;
